Author	n (strains)	publication title	journal	publication URL	strains
Rockett et al	4	unknown	unknown	unknown	Australia/NSW02/2020,Australia/NSW09/2020,Australia/NSW08/2020,Australia/NSW10/2020
Deng et al	2	unknown	unknown	unknown	USA/CA-CDPH-UC2/2020,USA/CA-SCCPHD-UC14/2020
Fang et al	3	unknown	unknown	unknown	Wuhan/HBCDC-HB-01/2019,Wuhan/HBCDC-HB-02/2019,Wuhan/HBCDC-HB-03/2019
Chen et al	5	unknown	unknown	unknown	Wuhan/WH01/2019,Wuhan/WH04/2020,Wuhan/WH05/2020,HongKong/CUHK1/2020,Wuhan/WHU01/2020
Tan et al	4	unknown	unknown	unknown	Wuhan/IVDC-HB-05/2019,Wuhan/IVDC-HB-04/2020,Wuhan/IVDC-HB-01/2019,Chongqing/IVDC-CQ-001/2020
Zhou et al	5	unknown	unknown	unknown	Wuhan/WIV05/2019,Wuhan/WIV07/2019,Wuhan/WIV02/2019,Wuhan/WIV06/2019,Wuhan/WIV04/2019
Ren et al	4	unknown	unknown	unknown	Wuhan/IPBCAMS-WH-03/2019,Wuhan/IPBCAMS-WH-01/2019,Wuhan/IPBCAMS-WH-02/2019,Wuhan/IPBCAMS-WH-04/2019
Galiano et al	308	unknown	unknown	unknown	England/20109093606/2020,England/01/2020,England/02/2020,England/20134079704/2020,England/20134077404/2020,England/20129164904/2020,England/20144003804/2020,England/20142015104/2020,England/200990002/2020,England/200960041/2020,England/200960515/2020,England/20109094206/2020,England/20139022004/2020,England/200990006/2020,England/20132035904/2020,England/20100122106/2020,England/20139047104/2020,England/20134082204/2020,England/20132018904/2020,England/20134021004/2020,England/20100001406/2020,England/20129013302/2020,England/09c/2020,England/20128085204/2020,England/20134017104/2020,England/201360134/2020,England/20146004504/2020,England/20134069004/2020,England/20146009204/2020,England/20130073704/2020,England/20139032004/2020,England/20139031804/2020,England/20130073404/2020,England/20148041604/2020,England/20138082004/2020,England/20142053204/2020,England/20148048004/2020,England/20148046704/2020,England/20148039404/2020,England/20134079504/2020,England/200940527/2020,England/200990725/2020,England/200990724/2020,England/20102088002/2020,England/20134003304/2020,England/20118044606/2020,England/20124101102/2020,England/20134005004/2020,England/20130062404/2020,England/20129021604/2020,England/20130027103/2020,England/20126007202/2020,England/20126033404/2020,England/20132080804/2020,England/20139068504/2020,England/20139014404/2020,England/20139016104/2020,England/20148003904/2020,England/20129036504/2020,England/20144071504/2020,England/20144071404/2020,England/20132072602/2020,England/201360201/2020,England/20132107704/2020,England/20129012704/2020,England/20134023204/2020,England/20124036202/2020,England/20132067404/2020,England/20128031902/2020,England/20126008004/2020,England/20129174404/2020,England/20126036204/2020,England/20128015004/2020,England/20130034004/2020,England/20148044604/2020,England/20138007104/2020,England/20132022204/2020,England/20148006904/2020,England/20129015704/2020,England/201360188/2020,England/20126025202/2020,England/20128003104/2020,England/20122119302/2020,England/201360191/2020,England/20132054504/2020,England/20142130404/2020,England/20139023604/2020,England/20129066504/2020,England/20146005704/2020,England/20130049804/2020,England/20102000106/2020,England/20138019604/2020,England/20126095704/2020,England/20128037306/2020,England/20124095002/2020,England/20138087304/2020,England/20132080004/2020,England/20130034404/2020,England/20102087902/2020,England/20110000806/2020,England/20129022804/2020,England/20126008506/2020,England/20134001104/2020,England/20144018704/2020,England/20129133804/2020,England/20146015504/2020,England/20142022104/2020,England/20134004204/2020,England/20146011804/2020,England/20144072804/2020,England/20129154104/2020,England/20132054604/2020,England/20129040102/2020,England/20146049204/2020,England/20139038004/2020,England/20132079304/2020,England/201380276/2020,England/20130071404/2020,England/20148002104/2020,England/20124003902/2020,England/20146001704/2020,England/20132023204/2020,England/20148041104/2020,England/200641094/2020,England/200690306/2020,England/200690300/2020,England/200690245/2020,England/200690756/2020,England/20130036004/2020,England/20148002504/2020,England/20148002404/2020,England/20129145002/2020,England/20129056804/2020,England/20130036504/2020,England/20146005804/2020,England/20142082204/2020,England/20146064604/2020,England/20144016004/2020,England/20139046804/2020,England/200990723/2020,England/20129096504/2020,England/20130055602/2020,England/20139050802/2020,England/20146005204/2020,England/20146005304/2020,England/20129035304/2020,England/20108004702/2020,England/20104013703/2020,England/20100024006/2020,England/20144049404/2020,England/20146069604/2020,England/20146069704/2020,England/20134019402/2020,England/20134006604/2020,England/20109050406/2020,England/20148006604/2020,England/20140007702/2020,England/20142061004/2020,England/20124094506/2020,England/20124095202/2020,England/20108006003/2020,England/20099038206/2020,England/20136006402/2020,England/20146019704/2020,England/20129128904/2020,England/20140038604/2020,England/20130064304/2020,England/20144074804/2020,England/20144074904/2020,England/20126012506/2020,England/20139027104/2020,England/20134059604/2020,England/20139022704/2020,England/20144070104/2020,England/20139004204/2020,England/20139035504/2020,England/20132020404/2020,England/201380041/2020,England/20148004904/2020,England/20148004704/2020,England/20146025504/2020,England/20146018404/2020,England/201340857/2020,England/20132108404/2020,England/201340855/2020,England/20140007802/2020,England/20139057704/2020,England/20128034302/2020,England/20140070504/2020,England/20142062604/2020,England/20132091504/2020,England/201361041/2020,England/20138009704/2020,England/20146025304/2020,England/20132092004/2020,England/20139054004/2020,England/20130034304/2020,England/20130071804/2020,England/20144074704/2020,England/20139062504/2020,England/20139045804/2020,England/20109097703/2020,England/20132100204/2020,England/20139010604/2020,England/20146008104/2020,England/20146006604/2020,England/20144071604/2020,England/20139003604/2020,England/20139015704/2020,England/20146019004/2020,England/20140073904/2020,England/20148043704/2020,England/20144006304/2020,England/20142026502/2020,England/20129035404/2020,England/20129176002/2020,England/20139065404/2020,England/20146001004/2020,England/20146063404/2020,England/20134016002/2020,England/201380215/2020,England/201380042/2020,England/201360136/2020,England/20144019904/2020,England/20128034402/2020,England/20134072104/2020,England/20148003404/2020,England/20146006704/2020,England/20139000904/2020,England/20146006904/2020,England/201380054/2020,England/20144006904/2020,England/20139060404/2020,England/20134027904/2020,England/20136096904/2020,England/20126027106/2020,England/20144017704/2020,England/20100022706/2020,England/200981386/2020,England/20140039204/2020,England/20146062504/2020,England/20140064504/2020,England/20126002104/2020,England/20128046202/2020,England/20148065004/2020,England/20132021004/2020,England/201360317/2020,England/201360277/2020,England/20130072104/2020,England/20134083104/2020,England/20129038804/2020,England/20144074604/2020,England/20144074404/2020,England/20148026504/2020,England/20132048102/2020,England/20146061504/2020,England/20140007602/2020,England/20134021704/2020,England/20100121006/2020,England/20100121007/2020,England/20100004806/2020,England/20100004706/2020,England/200990660/2020,England/20100005406/2020,England/201360131/2020,England/20140039404/2020,England/20139035104/2020,England/20146004804/2020,England/20146004904/2020,England/20146064304/2020,England/20138017804/2020,England/20139047804/2020,England/201360216/2020,England/20126003902/2020,England/20136087804/2020,England/20126002004/2020,England/20144076204/2020,England/20144075204/2020,England/20144071004/2020,England/20144076304/2020,England/20124036306/2020,England/20146007404/2020,England/20142016204/2020,England/20138007704/2020,England/20134027304/2020,England/20146062104/2020,England/20144004904/2020,England/20144072604/2020,England/20130061304/2020,England/20140009404/2020,England/20134022104/2020,England/20109047803/2020,England/20134002104/2020,England/201360053/2020,England/20134047404/2020,England/20139007004/2020,England/20139004304/2020,England/20132081104/2020,England/20134047504/2020,England/20104003002/2020,England/20140039104/2020,England/20134018602/2020,England/20134015902/2020,England/20099107406/2020,England/20108003302/2020,England/20110000706/2020,England/20140003802/2020,England/20146060504/2020
Alan K.L. Tsang et al	1	unknown	unknown	unknown	HongKong/VB20017970/2020
Kenneth Siu-Sing LEUNG et al	21	unknown	unknown	unknown	HongKong/HKPU2_1801/2020,HongKong/HKPU1_2101/2020,HongKong/HKPU6_2101/2020,HongKong/HKPU65-1202/2020,HongKong/HKPU20_3001/2020,HongKong/HKPU19_0402/2020,HongKong/HKPU102_2802/2020,HongKong/HKPU23_2601/2020,HongKong/HKPU74-1302/2020,HongKong/HKPU64-1202/2020,HongKong/HKPU91-2002/2020,HongKong/HKPU89-2502/2020,HongKong/HKPU83-1702/2020,HongKong/HKPU12_2201/2020,HongKong/HKPU49-3001/2020,HongKong/HKPU52-3101/2020,HongKong/HKPU17_2201/2020,HongKong/HKPU28_3001/2020,HongKong/HKPU60-0802/2020,HongKong/HKPU57-0702/2020,HongKong/HKPU66-2501/2020
Caly et al	22	unknown	unknown	unknown	Australia/VIC01/2020,Australia/VIC13/2020,Australia/VIC07/2020,Australia/VIC138/2020,Australia/VIC15/2020,Australia/VIC02/2020,Australia/VIC03/2020,Australia/VIC176/2020,Australia/VIC152/2020,Australia/VIC14/2020,Australia/VIC26/2020,Australia/VIC197/2020,Australia/VIC29/2020,Australia/VIC240/2020,Australia/VIC199/2020,Australia/VIC202/2020,Australia/VIC148/2020,Australia/VIC201/2020,Australia/VIC154/2020,Australia/VIC284/2020,Australia/VIC286/2020,Australia/VIC285/2020
Yao et al	2	unknown	unknown	unknown	Hangzhou/ZJU-011/2020,Hangzhou/ZJU-05/2020
Bas Oude Munnink et al	325	unknown	unknown	unknown	Netherlands/NoordBrabant_99/2020,Netherlands/NoordBrabant_76/2020,Netherlands/Limburg_9/2020,Netherlands/NA_42/2020,Netherlands/Gelderland_8/2020,Netherlands/NA_79/2020,Netherlands/NA_65/2020,Netherlands/NA_73/2020,Netherlands/NA_247/2020,Netherlands/NA_269/2020,Netherlands/NA_145/2020,Netherlands/NA_104/2020,Netherlands/NA_238/2020,Netherlands/NA_215/2020,Netherlands/NA_191/2020,Netherlands/NA_47/2020,Netherlands/NoordBrabant_73/2020,Netherlands/ZuidHolland_33/2020,Netherlands/NA_190/2020,Netherlands/NA_59/2020,Netherlands/NA_43/2020,Netherlands/NA_208/2020,Netherlands/ZuidHolland_38/2020,Netherlands/NA_295/2020,Netherlands/NA_294/2020,Netherlands/NA_298/2020,Netherlands/NoordBrabant_69/2020,Netherlands/ZuidHolland_81/2020,Netherlands/NA_318/2020,Netherlands/NA_297/2020,Netherlands/NA_276/2020,Netherlands/NA_48/2020,Netherlands/NA_74/2020,Netherlands/NA_60/2020,Netherlands/NA_199/2020,Netherlands/NA_72/2020,Netherlands/NA_230/2020,Netherlands/NA_129/2020,Netherlands/NA_201/2020,Netherlands/NA_57/2020,Netherlands/Gelderland_11/2020,Netherlands/NA_166/2020,Netherlands/NA_234/2020,Netherlands/ZuidHolland_47/2020,Netherlands/NA_133/2020,Netherlands/NoordBrabant_87/2020,Netherlands/NA_67/2020,Netherlands/Gelderland_9/2020,Netherlands/NA_132/2020,Netherlands/NA_137/2020,Netherlands/ZuidHolland_32/2020,Netherlands/NA_287/2020,Netherlands/NA_273/2020,Netherlands/NA_135/2020,Netherlands/NA_88/2020,Netherlands/NA_97/2020,Netherlands/NoordBrabant_83/2020,Netherlands/NoordBrabant_92/2020,Netherlands/NA_112/2020,Netherlands/NoordBrabant_79/2020,Netherlands/NoordBrabant_97/2020,Netherlands/NoordBrabant_82/2020,Netherlands/NoordBrabant_94/2020,Netherlands/Gelderland_10/2020,Netherlands/NoordBrabant_77/2020,Netherlands/NA_313/2020,Netherlands/NA_207/2020,Netherlands/NoordBrabant_95/2020,Netherlands/ZuidHolland_95/2020,Netherlands/NA_185/2020,Netherlands/NA_227/2020,Netherlands/NA_226/2020,Netherlands/NA_195/2020,Netherlands/ZuidHolland_63/2020,Netherlands/ZuidHolland_48/2020,Netherlands/NoordBrabant_93/2020,Netherlands/ZuidHolland_94/2020,Netherlands/NA_63/2020,Netherlands/NA_82/2020,Netherlands/NoordBrabant_80/2020,Netherlands/NA_178/2020,Netherlands/NA_45/2020,Netherlands/NA_211/2020,Netherlands/NA_50/2020,Netherlands/NA_44/2020,Netherlands/NA_76/2020,Netherlands/NA_175/2020,Netherlands/NA_83/2020,Netherlands/NoordHolland_31/2020,Netherlands/Gelderland_5/2020,Netherlands/NA_84/2020,Netherlands/NA_71/2020,Netherlands/NoordBrabant_75/2020,Netherlands/NA_77/2020,Netherlands/NA_70/2020,Netherlands/NA_180/2020,Netherlands/NA_214/2020,Netherlands/NA_193/2020,Netherlands/NA_245/2020,Netherlands/NA_228/2020,Netherlands/NoordBrabant_72/2020,Netherlands/NA_40/2020,Netherlands/ZuidHolland_85/2020,Netherlands/NA_128/2020,Netherlands/NA_154/2020,Netherlands/Flevoland_2/2020,Netherlands/NA_259/2020,Netherlands/ZuidHolland_72/2020,Netherlands/NA_89/2020,Netherlands/NA_222/2020,Netherlands/NA_219/2020,Netherlands/ZuidHolland_102/2020,Netherlands/Friesland_7/2020,Netherlands/NA_109/2020,Netherlands/NA_49/2020,Netherlands/ZuidHolland_69/2020,Netherlands/NA_213/2020,Netherlands/NA_138/2020,Netherlands/NA_310/2020,Netherlands/ZuidHolland_83/2020,Netherlands/NA_95/2020,Netherlands/ZuidHolland_103/2020,Netherlands/Utrecht_22/2020,Netherlands/NA_163/2020,Netherlands/NA_164/2020,Netherlands/NA_237/2020,Netherlands/ZuidHolland_43/2020,Netherlands/Limburg_8/2020,Netherlands/NA_54/2020,Netherlands/NA_92/2020,Netherlands/NA_53/2020,Netherlands/NA_119/2020,Netherlands/Utrecht_21/2020,Netherlands/NA_250/2020,Netherlands/NA_225/2020,Netherlands/NA_130/2020,Netherlands/Friesland_2/2020,Netherlands/NA_251/2020,Netherlands/NA_282/2020,Netherlands/NA_286/2020,Netherlands/NA_279/2020,Netherlands/NA_309/2020,Netherlands/NA_62/2020,Netherlands/NA_37/2020,Netherlands/NA_51/2020,Netherlands/NA_36/2020,Netherlands/NA_38/2020,Netherlands/NA_231/2020,Netherlands/NA_265/2020,Netherlands/NA_272/2020,Netherlands/NA_186/2020,Netherlands/NA_312/2020,Netherlands/NA_94/2020,Netherlands/NA_299/2020,Netherlands/NA_223/2020,Netherlands/ZuidHolland_65/2020,Netherlands/NA_61/2020,Netherlands/Gelderland_7/2020,Netherlands/NA_90/2020,Netherlands/NoordBrabant_102/2020,Netherlands/NA_305/2020,Netherlands/ZuidHolland_60/2020,Netherlands/NA_292/2020,Netherlands/NA_177/2020,Netherlands/NA_266/2020,Netherlands/NA_174/2020,Netherlands/ZuidHolland_34/2020,Netherlands/NA_168/2020,Netherlands/ZuidHolland_89/2020,Netherlands/NA_301/2020,Netherlands/NoordHolland_5/2020,Netherlands/NA_258/2020,Netherlands/NA_196/2020,Netherlands/NA_210/2020,Netherlands/ZuidHolland_77/2020,Netherlands/NA_268/2020,Netherlands/ZuidHolland_56/2020,Netherlands/NA_235/2020,Netherlands/NA_274/2020,Netherlands/NA_291/2020,Netherlands/NA_198/2020,Netherlands/NA_212/2020,Netherlands/NA_244/2020,Netherlands/NA_271/2020,Netherlands/NA_107/2020,Netherlands/NA_243/2020,Netherlands/ZuidHolland_92/2020,Netherlands/NA_161/2020,Netherlands/ZuidHolland_64/2020,Netherlands/ZuidHolland_42/2020,Netherlands/NA_96/2020,Netherlands/Friesland_5/2020,Netherlands/NA_311/2020,Netherlands/ZuidHolland_104/2020,Netherlands/NA_99/2020,Netherlands/ZuidHolland_86/2020,Netherlands/Friesland_3/2020,Netherlands/NA_110/2020,Netherlands/Friesland_10/2020,Netherlands/NA_100/2020,Netherlands/NA_103/2020,Netherlands/NA_206/2020,Netherlands/NA_101/2020,Netherlands/NA_194/2020,Netherlands/NA_255/2020,Netherlands/ZuidHolland_78/2020,Netherlands/NA_300/2020,Netherlands/NA_197/2020,Netherlands/NA_205/2020,Netherlands/ZuidHolland_39/2020,Netherlands/NoordHolland_4/2020,Netherlands/Drente_1/2020,Netherlands/Gelderland_12/2020,Netherlands/NoordBrabant_86/2020,Netherlands/ZuidHolland_68/2020,Netherlands/ZuidHolland_35/2020,Netherlands/ZuidHolland_36/2020,Netherlands/ZuidHolland_59/2020,Netherlands/ZuidHolland_62/2020,Netherlands/NA_172/2020,Netherlands/NA_260/2020,Netherlands/NA_188/2020,Netherlands/NA_87/2020,Netherlands/ZuidHolland_79/2020,Netherlands/ZuidHolland_71/2020,Netherlands/ZuidHolland_76/2020,Netherlands/NA_218/2020,Netherlands/ZuidHolland_82/2020,Netherlands/ZuidHolland_88/2020,Netherlands/ZuidHolland_90/2020,Netherlands/Friesland_9/2020,Netherlands/Friesland_6/2020,Netherlands/ZuidHolland_91/2020,Netherlands/NA_236/2020,Netherlands/ZuidHolland_75/2020,Netherlands/NA_315/2020,Netherlands/ZuidHolland_70/2020,Netherlands/NA_257/2020,Netherlands/ZuidHolland_80/2020,Netherlands/NA_127/2020,Netherlands/NA_184/2020,Netherlands/NA_249/2020,Netherlands/ZuidHolland_61/2020,Netherlands/NA_183/2020,Netherlands/NA_118/2020,Netherlands/NA_169/2020,Netherlands/NA_170/2020,Netherlands/ZuidHolland_40/2020,Netherlands/NA_290/2020,Netherlands/ZuidHolland_37/2020,Netherlands/NA_189/2020,Netherlands/ZuidHolland_41/2020,Netherlands/NA_156/2020,Netherlands/NA_263/2020,Netherlands/NA_317/2020,Netherlands/NA_288/2020,Netherlands/NA_239/2020,Netherlands/NA_171/2020,Netherlands/NA_275/2020,Netherlands/NA_293/2020,Netherlands/NA_302/2020,Netherlands/NA_91/2020,Netherlands/ZuidHolland_97/2020,Netherlands/NA_150/2020,Netherlands/NA_159/2020,Netherlands/Gelderland_6/2020,Netherlands/Friesland_4/2020,Netherlands/NA_121/2020,Netherlands/NoordBrabant_103/2020,Netherlands/NA_304/2020,Netherlands/NoordBrabant_101/2020,Netherlands/NoordBrabant_70/2020,Netherlands/Utrecht_20/2020,Netherlands/NoordBrabant_71/2020,Netherlands/NA_167/2020,Netherlands/NA_192/2020,Netherlands/Limburg_10/2020,Netherlands/ZuidHolland_66/2020,Netherlands/ZuidHolland_57/2020,Netherlands/NoordBrabant_104/2020,Netherlands/ZuidHolland_54/2020,Netherlands/NoordBrabant_81/2020,Netherlands/NoordBrabant_98/2020,Netherlands/NA_157/2020,Netherlands/ZuidHolland_67/2020,Netherlands/NoordBrabant_96/2020,Netherlands/NoordBrabant_100/2020,Netherlands/NA_200/2020,Netherlands/NA_179/2020,Netherlands/ZuidHolland_53/2020,Netherlands/NoordBrabant_85/2020,Netherlands/NoordBrabant_74/2020,Netherlands/NoordBrabant_105/2020,Netherlands/NoordBrabant_91/2020,Netherlands/ZuidHolland_74/2020,Netherlands/NA_241/2020,Netherlands/ZuidHolland_99/2020,Netherlands/ZuidHolland_96/2020,Netherlands/ZuidHolland_93/2020,Netherlands/ZuidHolland_84/2020,Netherlands/NA_296/2020,Netherlands/NA_162/2020,Netherlands/NA_261/2020,Netherlands/NA_307/2020,Netherlands/ZuidHolland_101/2020,Netherlands/NA_316/2020,Netherlands/NA_283/2020,Netherlands/NA_306/2020,Netherlands/NA_314/2020,Netherlands/NA_153/2020,Netherlands/NA_202/2020,Netherlands/ZuidHolland_98/2020,Netherlands/ZuidHolland_58/2020,Netherlands/NA_165/2020,Netherlands/NA_173/2020,Netherlands/ZuidHolland_44/2020,Netherlands/ZuidHolland_45/2020,Netherlands/ZuidHolland_52/2020,Netherlands/ZuidHolland_73/2020,Netherlands/NA_308/2020,Netherlands/ZuidHolland_55/2020,Netherlands/NA_224/2020,Netherlands/NA_289/2020,Netherlands/NA_303/2020,Netherlands/ZuidHolland_100/2020
Nieuwenhuijse et al	165	unknown	unknown	unknown	Netherlands/Tilburg_1363354/2020,Netherlands/Nieuwendijk_1363582/2020,Netherlands/Oss_1363500/2020,Netherlands/Utrecht_16/2020,Netherlands/Utrecht_17/2020,Netherlands/NoordBrabant_46/2020,Netherlands/ZuidHolland_16/2020,Netherlands/NA_29/2020,Netherlands/NoordBrabant_6/2020,Netherlands/NoordBrabant_25/2020,Netherlands/NoordBrabant_37/2020,Netherlands/NA_21/2020,Netherlands/ZuidHolland_8/2020,Netherlands/Utrecht_18/2020,Netherlands/NoordBrabant_23/2020,Netherlands/NA_35/2020,Netherlands/NoordBrabant_56/2020,Netherlands/NoordBrabant_22/2020,Netherlands/NA_34/2020,Netherlands/NA_14/2020,Netherlands/NoordBrabant_20/2020,Netherlands/NA_27/2020,Netherlands/NoordBrabant_47/2020,Netherlands/NoordBrabant_60/2020,Netherlands/NA_6/2020,Netherlands/Limburg_4/2020,Netherlands/ZuidHolland_27/2020,Netherlands/NoordBrabant_31/2020,Netherlands/NoordBrabant_28/2020,Netherlands/NoordBrabant_30/2020,Netherlands/ZuidHolland_21/2020,Netherlands/Utrecht_12/2020,Netherlands/ZuidHolland_7/2020,Netherlands/NA_22/2020,Netherlands/NoordBrabant_29/2020,Netherlands/Limburg_6/2020,Netherlands/NoordBrabant_10/2020,Netherlands/NoordBrabant_12/2020,Netherlands/Utrecht_19/2020,Netherlands/NoordBrabant_54/2020,Netherlands/NoordBrabant_11/2020,Netherlands/Hardinxveld_Giessendam_1364806/2020,Netherlands/NoordBrabant_32/2020,Netherlands/Rotterdam_1364040/2020,Netherlands/Naarden_1364774/2020,Netherlands/Andel_1365066/2020,Netherlands/NoordBrabant_48/2020,Netherlands/NA_32/2020,Netherlands/NA_33/2020,Netherlands/NoordBrabant_42/2020,Netherlands/NoordBrabant_27/2020,Netherlands/NoordBrabant_35/2020,Netherlands/Loon_op_zand_1363512/2020,Netherlands/Dalen_1363624/2020,Netherlands/NoordBrabant_19/2020,Netherlands/NoordBrabant_24/2020,Netherlands/NoordBrabant_38/2020,Netherlands/NoordBrabant_18/2020,Netherlands/NoordBrabant_57/2020,Netherlands/NoordBrabant_44/2020,Netherlands/NoordBrabant_68/2020,Netherlands/NoordBrabant_49/2020,Netherlands/NoordBrabant_52/2020,Luxembourg/Lux1/2020,Netherlands/Delft_1363424/2020,Netherlands/ZuidHolland_28/2020,Netherlands/Diemen_1363454/2020,Netherlands/Helmond_1363548/2020,Netherlands/Eindhoven_1363782/2020,Netherlands/Utrecht_14/2020,Netherlands/NoordBrabant_15/2020,Netherlands/Utrecht_13/2020,Netherlands/NoordBrabant_2/2020,Netherlands/ZuidHolland_24/2020,Netherlands/ZuidHolland_14/2020,Netherlands/NoordBrabant_14/2020,Netherlands/NoordHolland_2/2020,Netherlands/Utrecht_1/2020,Netherlands/Limburg_5/2020,Netherlands/ZuidHolland_2/2020,Netherlands/ZuidHolland_20/2020,Netherlands/NoordBrabant_36/2020,Netherlands/ZuidHolland_15/2020,Netherlands/ZuidHolland_19/2020,Netherlands/ZuidHolland_23/2020,Netherlands/NA_8/2020,Netherlands/Utrecht_15/2020,Netherlands/NoordBrabant_55/2020,Netherlands/ZuidHolland_26/2020,Netherlands/NA_12/2020,Netherlands/NA_26/2020,Netherlands/NA_11/2020,Netherlands/NoordBrabant_3/2020,Netherlands/NA_9/2020,Netherlands/ZuidHolland_18/2020,Netherlands/Utrecht_2/2020,Netherlands/ZuidHolland_6/2020,Netherlands/Limburg_3/2020,Netherlands/NA_15/2020,Netherlands/NA_25/2020,Netherlands/Berlicum_1363564/2020,Netherlands/ZuidHolland_1/2020,Netherlands/Utrecht_5/2020,Netherlands/Gelderland_1/2020,Netherlands/ZuidHolland_22/2020,Netherlands/ZuidHolland_11/2020,Netherlands/ZuidHolland_10/2020,Netherlands/NoordHolland_1/2020,Netherlands/Rotterdam_1364740/2020,Netherlands/Utrecht_10/2020,Netherlands/Overijssel_1/2020,Netherlands/Utrecht_7/2020,Netherlands/Utrecht_4/2020,Netherlands/Limburg_2/2020,Netherlands/ZuidHolland_25/2020,Netherlands/NoordBrabant_45/2020,Netherlands/NoordBrabant_58/2020,Netherlands/NA_19/2020,Netherlands/ZuidHolland_29/2020,Netherlands/NA_7/2020,Netherlands/Gelderland_3/2020,Netherlands/ZuidHolland_13/2020,Netherlands/Nootdorp_1364222/2020,Netherlands/Tilburg_1364286/2020,Netherlands/Overijssel_2/2020,Netherlands/NA_2/2020,Netherlands/NoordBrabant_39/2020,Netherlands/NoordBrabant_26/2020,Netherlands/Utrecht_1363564/2020,Netherlands/Utrecht_6/2020,Netherlands/Utrecht_1363628/2020,Netherlands/ZuidHolland_5/2020,Netherlands/ZuidHolland_9/2020,Netherlands/NA_23/2020,NetherlandsL/Houten_1363498/2020,Netherlands/NoordBrabant_17/2020,Netherlands/NoordBrabant_4/2020,Netherlands/NA_28/2020,Netherlands/NA_18/2020,Netherlands/NA_17/2020,Netherlands/Haarlem_1363688/2020,Netherlands/NA_30/2020,Netherlands/NA_24/2020,Netherlands/Utrecht_3/2020,Netherlands/NoordHolland_3/2020,Netherlands/NA_20/2020,Netherlands/ZuidHolland_30/2020,Netherlands/NA_10/2020,Netherlands/Flevoland_1/2020,Netherlands/NA_1/2020,Netherlands/NA_13/2020,Netherlands/NoordBrabant_59/2020,Netherlands/Blaricum_1364780/2020,Netherlands/Zeewolde_1365080/2020,Netherlands/ZuidHolland_17/2020,Netherlands/NA_16/2020,Netherlands/NA_31/2020,Netherlands/ZuidHolland_31/2020,Netherlands/NoordBrabant_21/2020,Netherlands/Gelderland_2/2020,Netherlands/NoordBrabant_13/2020,Netherlands/NoordBrabant_1/2020,Netherlands/Utrecht_8/2020,Netherlands/Utrecht_11/2020,Netherlands/NoordBrabant_16/2020
Mak et al	19	unknown	unknown	unknown	Singapore/14Clin/2020,Singapore/19/2020,Singapore/20/2020,Singapore/12Clin/2020,Singapore/16/2020,Singapore/21/2020,Singapore/18/2020,Singapore/15/2020,Singapore/41/2020,Singapore/40/2020,Singapore/42/2020,Singapore/3Clin/2020,Singapore/17/2020,Singapore/1/2020,Singapore/36/2020,Singapore/35/2020,Singapore/38/2020,Singapore/39/2020,Singapore/37/2020
Iglesias-Caballero et al	22	unknown	unknown	unknown	Spain/Andalucia201373/2020,Spain/CastillaLaMancha201328/2020,Spain/CastillaLaMancha201329/2020,Spain/Madrid201449/2020,Spain/Andalucia201617/2020,Spain/PaisVasco201602/2020,Spain/CastillayLeon201437/2020,Spain/PaisVasco201493/2020,Spain/CastillayLeon201323/2020,Spain/PaisVasco201382/2020,Spain/LaRioja201575/2020,Spain/PaisVasco201607/2020,Spain/CastillayLeon201372/2020,Spain/Canarias201495/2020,Spain/Madrid201738/2020,Spain/Andalucia201272/2020,Spain/CastillayLeon201061/2020,Spain/Madrid201105/2020,Spain/Madrid201706/2020,Spain/Madrid201442/2020,Spain/Madrid201709/2020,Spain/Galicia201663/2020
Potdar et al	2	unknown	unknown	unknown	India/1-31/2020,India/1-27/2020
Tao et al	9	unknown	unknown	unknown	USA/AZ1/2020,USA/OR_2656/2020,USA/GA_2741/2020,USA/CA5/2020,USA/IL1/2020,USA/GA_2742/2020,USA/MA_8932/2020,USA/RI_0520/2020,USA/IA_6391/2020
Kim et al	16	unknown	unknown	unknown	SouthKorea/KCDC24/2020,Korea/KCDC2002/2020,SouthKorea/KCDC05/2020,Korea/KCDC2006/2020,SouthKorea/KCDC07/2020,Korea/KCDC2008/2020,Korea/KCDC2009/2020,Korea/KCDC2011/2020,Korea/KCDC2010/2020,SouthKorea/KCDC03/2020,SouthKorea/KCDC06/2020,Korea/KCDC2001/2020,SouthKorea/KCDC12/2020,Korea/KCDC2005/2020,Korea/KCDC2004/2020,Korea/KCDC2007/2020
Eden et al	6	unknown	unknown	unknown	Australia/NSW04/2020,Australia/NSW01/2020,Australia/NSW07/2020,Australia/NSW05/2020,Australia/NSW06/2020,Australia/NSW03/2020
Walter et al	2	unknown	unknown	unknown	Germany/BavPat3/2020,Germany/BavPat2/2020
Sekizuka et al	24	unknown	unknown	unknown	Japan/TY-WK-501/2020,Japan/TY-WK-521/2020,Japan/TY-WK-012/2020,Japan/KY-V-029/2020,Japan/TK-20-31-3/2020,Japan/AI-I-004/2020,Japan/OS-20-07-1/2020,Japan/NA-20-05-1/2020,Japan/P5-3/2020,Japan/P4-2/2020,Japan/P4-3/2020,Japan/P5-1/2020,Japan/P4-4/2020,Japan/P5-2/2020,Japan/P4-8/2020,Japan/P4-7/2020,Japan/P4-6/2020,Japan/P4-1/2020,Japan/P4-5/2020,Japan/P3-1/2020,Japan/P3-2/2020,Japan/P1/2020,Japan/P2-2/2020,Japan/P2-1/2020
Braun et al	1	unknown	unknown	unknown	Japan/UT-NCGM02/2020
Kang et al	9	unknown	unknown	unknown	SouthKorea/KUMC01/2020,SouthKorea/KUMC03/2020,SouthKorea/KUMC05/2020,SouthKorea/KUMC04/2020,SouthKorea/KUMC06/2020,SouthKorea/KUMC02/2020,Guangdong/20SF028/2020,Guangdong/20SF040/2020,Guangdong/20SF174/2020
Queen et al	10	unknown	unknown	unknown	USA/WA1/2020,USA/CA7/2020,USA/CA3/2020,USA/CA4/2020,USA/TX_2039/2020,Korea/BA-ACH_2604/2020,Korea/BA-ACH_2719/2020,Korea/BA-ACH_2718/2020,USA/GA_1299/2020,USA/NH_0004/2020
Mohd Noor Mat Isa et al	6	unknown	unknown	unknown	Malaysia/MKAK-CL-2020-6430/2020,Malaysia/MKAK-CL-2020-5096/2020,Malaysia/MKAK-CL-2020-5049/2020,Malaysia/MKAK-CL-2020-5045/2020,Malaysia/MKAK-CL-2020-5047/2020,Malaysia/MKAK-CL-2020-7554/2020
Chu etl al et al	7	unknown	unknown	unknown	USA/WA-S82/2020,USA/WA-S55/2020,USA/WA-S102/2020,USA/WA-S93/2020,USA/WA-S98/2020,USA/WA-S99/2020,USA/WA-S103/2020
Joel Armando Vazquez Perez et al	5	unknown	unknown	unknown	Mexico/CDMX-INER_05/2020,Mexico/CDMX-INER_03/2020,Mexico/CDMX-INER_02/2020,Mexico/CDMX-INER_01/2020,Mexico/CDMX-INER_04/2020
Adnan Araiza Rodriguez et al	1	unknown	unknown	unknown	Mexico/CDMX-InDRE_06/2020
Gudbjartsson et al	281	unknown	unknown	unknown	Iceland/138/2020,Iceland/140/2020,Iceland/9/2020,Iceland/13/2020,Iceland/160/2020,Iceland/523/2020,Iceland/535/2020,Iceland/411/2020,Iceland/330/2020,Iceland/457/2020,Iceland/151/2020,Iceland/115/2020,Iceland/540/2020,Iceland/541/2020,Iceland/94/2020,Iceland/341/2020,Iceland/484/2020,Iceland/480/2020,Iceland/326/2020,Iceland/329/2020,Iceland/196/2020,Iceland/262/2020,Iceland/292/2020,Iceland/572/2020,Iceland/449/2020,Iceland/446/2020,Iceland/279/2020,Iceland/135/2020,Iceland/324/2020,Iceland/414/2020,Iceland/536/2020,Iceland/604/2020,Iceland/576/2020,Iceland/579/2020,Iceland/358/2020,Iceland/357/2020,Iceland/413/2020,Iceland/499/2020,Iceland/8/2020,Iceland/498/2020,Iceland/422/2020,Iceland/502/2020,Iceland/393/2020,Iceland/240/2020,Iceland/230/2020,Iceland/174/2020,Iceland/500/2020,Iceland/408/2020,Iceland/337/2020,Iceland/299/2020,Iceland/338/2020,Iceland/557/2020,Iceland/320/2020,Iceland/561/2020,Iceland/220/2020,Iceland/166/2020,Iceland/479/2020,Iceland/516/2020,Iceland/141/2020,Iceland/431/2020,Iceland/517/2020,Iceland/228/2020,Iceland/267/2020,Iceland/462/2020,Iceland/290/2020,Iceland/280/2020,Iceland/546/2020,Iceland/583/2020,Iceland/335/2020,Iceland/542/2020,Iceland/509/2020,Iceland/508/2020,Iceland/35/2020,Iceland/243/2020,Iceland/70/2020,Iceland/82/2020,Iceland/396/2020,Iceland/373/2020,Iceland/233/2020,Iceland/584/2020,Iceland/464/2020,Iceland/104/2020,Iceland/253/2020,Iceland/188/2020,Iceland/187/2020,Iceland/15/2020,Iceland/17/2020,Iceland/218/2020,Iceland/12/2020,Iceland/77/2020,Iceland/62/2020,Iceland/238/2020,Iceland/153/2020,Iceland/79/2020,Iceland/129/2020,Iceland/126/2020,Iceland/419/2020,Iceland/560/2020,Iceland/429/2020,Iceland/525/2020,Iceland/402/2020,Iceland/388/2020,Iceland/360/2020,Iceland/399/2020,Iceland/22/2020,Iceland/24/2020,Iceland/46/2020,Iceland/32/2020,Iceland/26/2020,Iceland/210/2020,Iceland/239/2020,Iceland/547/2020,Iceland/471/2020,Iceland/4/2020,Iceland/365/2020,Iceland/236/2020,Iceland/207/2020,Iceland/554/2020,Iceland/472/2020,Iceland/164/2020,Iceland/580/2020,Iceland/404/2020,Iceland/184/2020,Iceland/7/2020,Iceland/596/2020,Iceland/323/2020,Iceland/232/2020,Iceland/41/2020,Iceland/44/2020,Iceland/42/2020,Iceland/60/2020,Iceland/319/2020,Iceland/45/2020,Iceland/52/2020,Iceland/30/2020,Iceland/571/2020,Iceland/385/2020,Iceland/468/2020,Iceland/134/2020,Iceland/75/2020,Iceland/125/2020,Iceland/602/2020,Iceland/101/2020,Iceland/510/2020,Iceland/376/2020,Iceland/603/2020,Iceland/213/2020,Iceland/300/2020,Iceland/231/2020,Iceland/251/2020,Iceland/478/2020,Iceland/173/2020,Iceland/227/2020,Iceland/161/2020,Iceland/374/2020,Iceland/40/2020,Iceland/27/2020,Iceland/132/2020,Iceland/473/2020,Iceland/80/2020,Iceland/84/2020,Iceland/90/2020,Iceland/47/2020,Iceland/65/2020,Iceland/95/2020,Iceland/394/2020,Iceland/406/2020,Iceland/61/2020,Iceland/57/2020,Iceland/59/2020,Iceland/55/2020,Iceland/64/2020,Iceland/91/2020,Iceland/106/2020,Iceland/158/2020,Iceland/6/2020,Iceland/81/2020,Iceland/325/2020,Iceland/380/2020,Iceland/217/2020,Iceland/215/2020,Iceland/197/2020,Iceland/265/2020,Iceland/234/2020,Iceland/150/2020,Iceland/209/2020,Iceland/18/2020,Iceland/137/2020,Iceland/193/2020,Iceland/524/2020,Iceland/208/2020,Iceland/281/2020,Iceland/189/2020,Iceland/416/2020,Iceland/562/2020,Iceland/304/2020,Iceland/168/2020,Iceland/169/2020,Iceland/172/2020,Iceland/564/2020,Iceland/563/2020,Iceland/397/2020,Iceland/568/2020,Iceland/434/2020,Iceland/566/2020,Iceland/294/2020,Iceland/383/2020,Iceland/311/2020,Iceland/392/2020,Iceland/600/2020,Iceland/179/2020,Iceland/180/2020,Iceland/175/2020,Iceland/205/2020,Iceland/245/2020,Iceland/221/2020,Iceland/255/2020,Iceland/2/2020,Iceland/118/2020,Iceland/258/2020,Iceland/284/2020,Iceland/271/2020,Iceland/534/2020,Iceland/551/2020,Iceland/493/2020,Iceland/436/2020,Iceland/585/2020,Iceland/437/2020,Iceland/539/2020,Iceland/485/2020,Iceland/599/2020,Iceland/466/2020,Iceland/306/2020,Iceland/296/2020,Iceland/316/2020,Iceland/297/2020,Iceland/301/2020,Iceland/368/2020,Iceland/321/2020,Iceland/423/2020,Iceland/250/2020,Iceland/428/2020,Iceland/418/2020,Iceland/264/2020,Iceland/552/2020,Iceland/244/2020,Iceland/401/2020,Iceland/432/2020,Iceland/224/2020,Iceland/379/2020,Iceland/532/2020,Iceland/455/2020,Iceland/235/2020,Iceland/1/2020,Iceland/LUH-01/2020,Iceland/465/2020,Iceland/440/2020,Iceland/503/2020,Iceland/127/2020,Iceland/194/2020,Iceland/3/2020,Iceland/149/2020,Iceland/176/2020,Iceland/353/2020,Iceland/363/2020,Iceland/289/2020,Iceland/198/2020,Iceland/199/2020,Iceland/293/2020,Iceland/312/2020,Iceland/254/2020,Iceland/214/2020,Iceland/111/2020,Iceland/108/2020,Iceland/69/2020,Iceland/20/2020,Iceland/14/2020,Iceland/103/2020,Iceland/435/2020,Iceland/155/2020,Iceland/192/2020
Storey et al	5	unknown	unknown	unknown	NewZealand/20VR0276/2020,NewZealand/01/2020,NewZealand/20VR0206/2020,NewZealand/20VR0189/2020,NewZealand/20VR019/2020
Uehara et al	4	unknown	unknown	unknown	USA/CA1/2020,USA/CA2/2020,USA/FL_5125/2020,USA/FL_5091/2020
Dominic N.C. Tsang et al	6	unknown	unknown	unknown	HongKong/VM20001061/2020,HongKong/VB20026565/2020,HongKong/VM20002849/2020,HongKong/VM20002507/2020,HongKong/VB20024950/2020,HongKong/VM20002582/2020
Wang et al	11	unknown	unknown	unknown	HongKong/XM-PII-S4/2020,Shanghai/SH0043/2020,Shanghai/SH0065/2020,Shanghai/SH0050/2020,Shanghai/SH0042/2020,Shanghai/SH0045/2020,Shanghai/SH0031/2020,Shanghai/SH0083/2020,Shanghai/SH0119/2020,Shanghai/SH0025/2020,Shanghai/SH0014/2020
Le Quynh Mai et al	5	unknown	unknown	unknown	Vietnam/CM99/2020,Vietnam/38142/2020,Vietnam/39607/2020,Vietnam/CM295/2020,Vietnam/CM296/2020
Ung Thi Hong Trang et al	1	unknown	unknown	unknown	Vietnam/VR03-38142/2020
Li et al	17	unknown	unknown	unknown	USA/IL2/2020,Shangrao/JX29/2020,Nanchang/JX149/2020,Ganzhou/JX81/2020,Xinyu/JX122/2020,Shangrao/JX1948/2020,Nanchang/JXN3T4/2020,Hangzhou/HZCDC0167/2020,Hangzhou/HZCDC6789/2020,Shangrao/JX1974/2020,Shangrao/JX1215/2020,Hangzhou/HZCDC0090L/2020,Hangzhou/HZCDC0119/2020,Shangrao/JX1178/2020,USA/MA_3878/2020,USA/VA_6377/2020,Hangzhou/HZCDC6706/2020
Ana da Silva Filipe et al	126	unknown	unknown	unknown	Scotland/CVR634/2020,Scotland/CVR113/2020,Scotland/CVR205/2020,Scotland/CVR216/2020,Scotland/CVR178/2020,Scotland/CVR173/2020,Scotland/CVR185/2020,Scotland/CVR96/2020,Scotland/CVR33/2020,Scotland/CVR632/2020,Scotland/CVR196/2020,Scotland/CVR161/2020,Scotland/CVR35/2020,Scotland/CVR101/2020,Scotland/CVR42/2020,Scotland/CVR37/2020,Scotland/CVR133/2020,Scotland/CVR123/2020,Scotland/CVR132/2020,Scotland/CVR139/2020,Scotland/CVR149/2020,Scotland/CVR124/2020,Scotland/CVR171/2020,Scotland/CVR146/2020,Scotland/CVR169/2020,Scotland/CVR125/2020,Scotland/CVR138/2020,Scotland/CVR168/2020,Scotland/CVR207/2020,Scotland/CVR126/2020,Scotland/CVR153/2020,Scotland/CVR130/2020,Scotland/CVR222/2020,Scotland/CVR100/2020,Scotland/CVR264/2020,Scotland/CVR462/2020,Scotland/CVR44/2020,Scotland/CVR201/2020,Scotland/CVR203/2020,Scotland/CVR46/2020,Scotland/CVR45/2020,Scotland/CVR43/2020,Scotland/CVR195/2020,Scotland/CVR206/2020,Scotland/CVR141/2020,Scotland/CVR150/2020,Scotland/CVR562/2020,Scotland/CVR137/2020,Scotland/CVR180/2020,Scotland/CVR179/2020,Scotland/CVR202/2020,Scotland/CVR16/2020,Scotland/CVR14/2020,Scotland/CVR162/2020,Scotland/CVR170/2020,Scotland/CVR120/2020,Scotland/CVR20/2020,Scotland/CVR112/2020,Scotland/CVR75/2020,Scotland/CVR71/2020,Scotland/CVR118/2020,Scotland/CVR11/2020,Scotland/CVR53/2020,Scotland/CVR129/2020,Scotland/CVR106/2020,Scotland/CVR55/2020,Scotland/CVR107/2020,Scotland/CVR66/2020,Scotland/CVR12/2020,Scotland/CVR128/2020,Scotland/CVR103/2020,Scotland/CVR108/2020,Scotland/CVR102/2020,Scotland/CVR51/2020,Scotland/CVR68/2020,Scotland/CVR143/2020,Scotland/CVR41/2020,Scotland/CVR142/2020,Scotland/CVR25/2020,Scotland/CVR152/2020,Scotland/CVR215/2020,Scotland/CVR32/2020,Scotland/CVR13/2020,Scotland/CVR115/2020,Scotland/CVR27/2020,Scotland/CVR69/2020,Scotland/CVR38/2020,Scotland/CVR147/2020,Scotland/CVR122/2020,Scotland/CVR21/2020,Scotland/CVR17/2020,Scotland/CVR136/2020,Scotland/CVR70/2020,Scotland/CVR83/2020,Scotland/CVR85/2020,Scotland/CVR29/2020,Scotland/CVR167/2020,Scotland/CVR31/2020,Scotland/CVR15/2020,Scotland/CVR151/2020,Scotland/CVR36/2020,Scotland/CVR28/2020,Scotland/CVR164/2020,Scotland/CVR135/2020,Scotland/CVR90/2020,Scotland/CVR34/2020,Scotland/CVR72/2020,Scotland/CVR77/2020,Scotland/CVR67/2020,Scotland/CVR18/2020,Scotland/CVR19/2020,Scotland/CVR76/2020,Scotland/CVR211/2020,Scotland/CVR176/2020,Scotland/CVR212/2020,Scotland/CVR177/2020,Scotland/CVR199/2020,Scotland/CVR174/2020,Scotland/CVR140/2020,Scotland/CVR60/2020,Scotland/CVR62/2020,Scotland/CVR56/2020,Scotland/CVR131/2020,Scotland/CVR166/2020,Scotland/CVR57/2020,Scotland/CVR159/2020
Yeh et al	10	unknown	unknown	unknown	Taiwan/NTU13/2020,Taiwan/NTU01/2020,Taiwan/NTU06/2020,Taiwan/NTU02/2020,Taiwan/NTU03/2020,Taiwan/NTU08/2020,Taiwan/NTU17/2020,Taiwan/NTU09/2020,Taiwan/NTU15/2020,Taiwan/NTU12/2020
Wellington SCL et al	1	unknown	unknown	unknown	NewZealand/20VR0275/2020
Young et al	2	unknown	unknown	unknown	USA/UT-00288/2020,USA/UT-00345/2020
Huang et al	8	unknown	unknown	unknown	Australia/QLD03/2020,Australia/QLD02/2020,Australia/QLD01/2020,Australia/QLD04/2020,Australia/QLDID922/2020,Australia/QLD09/2020,Australia/QLDID929/2020,Australia/QLDID928/2020
Ngoi et al	14	unknown	unknown	unknown	Ghana/2828_S6/2020,Ghana/1651_S3/2020,Ghana/2850_S15/2020,Ghana/3177_S12/2020,Ghana/3176_S11/2020,Ghana/2230_S4/2020,Ghana/1565_S13/2020,Ghana/2914_S8/2020,Ghana/2986_S10/2020,Ghana/2944_S9/2020,Ghana/1622_S2/2020,Ghana/2333_S5/2020,Ghana/2853_S7/2020,Ghana/1659_S14/2020
Dia et al	20	unknown	unknown	unknown	Senegal/620/2020,Senegal/618/2020,Senegal/136/2020,Senegal/306/2020,Senegal/328/2020,Senegal/640/2020,Senegal/315/2020,Senegal/382/2020,Senegal/611/2020,Senegal/370/2020,Senegal/026/2020,Senegal/003/2020,Senegal/020/2020,Senegal/016/2020,Senegal/600/2020,Senegal/119/2020,Senegal/094/2020,Senegal/082/2020,Senegal/073/2020,Senegal/139/2020
Anderson et al	20	unknown	unknown	unknown	Singapore/4/2020,Singapore/13/2020,Singapore/12/2020,Singapore/14/2020,Singapore/30/2020,Singapore/22/2020,Singapore/23/2020,Singapore/3/2020,Singapore/5/2020,Singapore/27/2020,Singapore/2/2020,Singapore/6/2020,Singapore/33/2020,Singapore/34/2020,Singapore/24/2020,Singapore/32/2020,Singapore/31/2020,Singapore/28/2020,Singapore/26/2020,Singapore/29/2020
Batty et al	5	unknown	unknown	unknown	Thailand/Bangkok-CONI-0019/2020,Thailand/Bangkok-CONI-0017/2020,Thailand/Bangkok-CONI-0022/2020,Thailand/Bangkok-CONI-0021/2020,Thailand/Bangkok-CONI-0020/2020
Dahdouh et al	15	unknown	unknown	unknown	Spain/Madrid_R2_15/2020,Spain/Madrid_R5_8/2020,Spain/Madrid_R10_33/2020,Spain/Madrid_H9_38/2020,Spain/Madrid_H2_16/2020,Spain/Madrid_LP14_3/2020,Spain/Madrid_LP10_12/2020,Spain/Madrid_LP15_4/2020,Spain/Madrid_H8_37/2020,Spain/Madrid_H7_36/2020,Spain/Madrid_H11_40/2020,Spain/Madrid_H5_34/2020,Spain/Madrid_H3_10/2020,Spain/Madrid_H10_39/2020,Spain/Madrid_LP12_21/2020
Vanmechelen et al	35	unknown	unknown	unknown	Belgium/GHB-03021/2020,Belgium/VPE-030650/2020,Belgium/HAA-030953/2020,Belgium/CG-030158/2020,Belgium/Human/CS-031052/2020,Belgium/DB-03023/2020,Belgium/VLM-03011/2020,Belgium/VAG-03013/2020,Belgium/SN-03031/2020,Belgium/BM-03012/2020,Belgium/RS-030257/2020,Belgium/LT-030956/2020,Belgium/UMF-03025/2020,Belgium/BG-030955/2020,Belgium/DBD-03024/2020,Belgium/QKJ-03015/2020,Belgium/GMH-03022/2020,Belgium/VS-030542/2020,Belgium/DBA-03032/2020,Belgium/JRH-030459/2020,Belgium/MTR-03026/2020,Belgium/MTR-03021/2020,Belgium/BC-03016/2020,Belgium/DWAEE-030954/2020,Belgium/BA-02291/2020,Belgium/GS-030549/2020,Belgium/SS-031047/2020,Belgium/GL-030546/2020,Belgium/SH-03014/2020,Belgium/VRAR-030643/2020,Belgium/VDLH-030548/2020,Belgium/BG-030551/2020,Belgium/VHRA-030644/2020,Belgium/RT-030460/2020,Belgium/NKR-030645/2020
Yang et al	9	unknown	unknown	unknown	Taiwan/3/2020,Shenzhen/SZTH-003/2020,Taiwan/2/2020,Taiwan/4/2020,Taiwan/225/2020,Taiwan/144/2020,Taiwan/128/2020,Taiwan/107/2020,Taiwan/125/2020
Lu et al	4	unknown	unknown	unknown	Guangdong/GDSZ202015-P0019/2020,Guangdong/GD2020087-P0008/2020,Guangdong/2020XN4239-P0034/2020,Guangdong/GD2020227-P0029/2020
Zhao et al et al	2	unknown	unknown	unknown	Guangzhou/GZMU0048/2020,Guangzhou/GZMU0044/2020
Loreto Ferrus Abad et al	7	unknown	unknown	unknown	Spain/Valencia53/2020,Spain/Valencia32/2020,Spain/Valencia98/2020,Spain/Valencia63/2020,Spain/Valencia46/2020,Spain/Valencia87/2020,Spain/Valencia86/2020
Neris Garcia-Gonzalez et al	10	unknown	unknown	unknown	Spain/Valencia94/2020,Spain/Valencia15/2020,Spain/Valencia95/2020,Spain/Valencia20/2020,Spain/Valencia74/2020,Spain/Valencia60/2020,Spain/Valencia31/2020,Spain/Valencia7/2020,Spain/Valencia25/2020,Spain/Valencia85/2020
Lidia Ruiz Roldan et al	5	unknown	unknown	unknown	Spain/Valencia92/2020,Spain/Valencia58/2020,Spain/Valencia72/2020,Spain/Valencia27/2020,Spain/Valencia83/2020
Guiomar et al et al	79	unknown	unknown	unknown	Portugal/PT0063/2020,Portugal/PT0042/2020,Portugal/PT0040/2020,Portugal/PT0036/2020,Portugal/PT0043/2020,Portugal/PT0035/2020,Portugal/PT0020/2020,Portugal/PT0015/2020,Portugal/PT0054/2020,Portugal/PT0058/2020,Portugal/PT0041/2020,Portugal/PT0056/2020,Portugal/PT0084/2020,Portugal/PT0019/2020,Portugal/PT0007/2020,Portugal/PT0028/2020,Portugal/PT0016/2020,Portugal/PT0010/2020,Portugal/PT0051/2020,Portugal/PT0001b/2020,Portugal/PT0026/2020,Portugal/PT0009/2020,Portugal/PT0031/2020,Portugal/PT0029/2020,Portugal/PT0030/2020,Portugal/PT0023/2020,Portugal/PT0080/2020,Portugal/PT0022/2020,Portugal/PT0034/2020,Portugal/PT0038/2020,Portugal/PT0061/2020,Portugal/PT0083/2020,Portugal/PT0087/2020,Portugal/PT0059/2020,Portugal/PT0068/2020,Portugal/PT0065/2020,Portugal/PT0091/2020,Portugal/PT0086/2020,Portugal/PT0053/2020,Portugal/PT0062/2020,Portugal/PT0081/2020,Portugal/PT0071/2020,Portugal/PT0074/2020,Portugal/PT0069/2020,Portugal/PT0073/2020,Portugal/PT0047/2020,Portugal/PT0072/2020,Portugal/PT0075/2020,Portugal/PT0093/2020,Portugal/PT0095/2020,Portugal/PT0070/2020,Portugal/PT0017/2020,Portugal/PT0033/2020,Portugal/PT0008/2020,Portugal/PT0076/2020,Portugal/PT0045/2020,Portugal/PT0005/2020,Portugal/PT0060/2020,Portugal/PT0021/2020,Portugal/PT0037/2020,Portugal/PT0024/2020,Portugal/PT0057/2020,Portugal/PT0089/2020,Portugal/PT0067/2020,Portugal/PT0092/2020,Portugal/PT0046/2020,Portugal/PT0032/2020,Portugal/PT0003/2020,Portugal/PT0025/2020,Portugal/PT0027/2020,Portugal/PT0006a/2020,Portugal/PT0004/2020,Portugal/PT0011/2020,Portugal/PT0014/2020,Portugal/PT0013/2020,Portugal/PT0012/2020,Portugal/PT0018/2020,Portugal/PT0039/2020,Portugal/PT0044/2020
Gisela Barrera Badillo et al	1	unknown	unknown	unknown	Mexico/Queretaro-InDRE_04/2020
Marcela Mercado-Reyes et al	2	unknown	unknown	unknown	Colombia/Antioquia79256/2020,Colombia/Bogota78390/2020
Castillo et al	4	unknown	unknown	unknown	Chile/Talca-1/2020,Chile/Talca-2/2020,Chile/Santiago-1/2020,Chile/Santiago-2/2020
Adams et al	57	unknown	unknown	unknown	Germany/NRW-39/2020,Germany/NRW-46/2020,Germany/NRW-35/2020,Germany/NRW-09/2020,Germany/NRW-10/2020,Germany/NRW-50/2020,Germany/NRW-04/2020,Germany/NRW-07/2020,Germany/NRW-08/2020,Germany/NRW-01/2020,Germany/NRW-06/2020,Germany/NRW-05/2020,Germany/NRW-03/2020,Germany/NRW-14/2020,Germany/NRW-17/2020,Germany/NRW-16/2020,Germany/NRW-02-1/2020,Germany/NRW-31/2020,Germany/NRW-15/2020,Germany/NRW-48/2020,Germany/NRW-13/2020,Germany/NRW-45/2020,Germany/NRW-55/2020,Germany/NRW-011/2020,Germany/NRW-19/2020,Germany/NRW-41/2020,Germany/NRW-43/2020,Germany/NRW-42.2/2020,Germany/NRW-32/2020,Germany/NRW-12/2020,Germany/NRW-49/2020,Germany/NRW-25/2020,Germany/NRW-52/2020,Germany/NRW-38/2020,Germany/NRW-18/2020,Germany/NRW-23/2020,Germany/NRW-37/2020,Germany/NRW-40/2020,Germany/NRW-20/2020,Germany/NRW-21/2020,Germany/NRW-24/2020,Germany/NRW-42/2020,Germany/NRW-53/2020,Germany/NRW-22/2020,Germany/NRW-26/2020,Germany/NRW-29/2020,Germany/NRW-28/2020,Germany/NRW-27/2020,Germany/NRW-47/2020,Germany/NRW-42.3/2020,Germany/NRW-44/2020,Germany/NRW-54/2020,Germany/NRW-51/2020,Germany/NRW-33/2020,Germany/NRW-36/2020,Germany/NRW-34/2020,Germany/NRW-30/2020
Irma Lopez Martinez et al	1	unknown	unknown	unknown	Mexico/EdoMex-InDRE_03/2020
McHugh et al	154	unknown	unknown	unknown	Scotland/EDB501/2020,Scotland/EDB551/2020,Scotland/EDB442/2020,Scotland/EDB326/2020,Scotland/EDB222/2020,Scotland/EDB027/2020,Scotland/EDB157/2020,Scotland/EDB108/2020,Scotland/EDB227/2020,Scotland/EDB409/2020,Scotland/EDB093/2020,Scotland/EDB199/2020,Scotland/EDB182/2020,Scotland/EDB533/2020,Scotland/EDB102/2020,Scotland/EDB530/2020,Scotland/EDB048/2020,Scotland/EDB053/2020,Scotland/EDB131/2020,Scotland/EDB097/2020,Scotland/EDB037/2020,Scotland/EDB002/2020,Scotland/EDB089/2020,Scotland/EDB202/2020,Scotland/EDB054/2020,Scotland/EDB074/2020,Scotland/EDB050/2020,Scotland/EDB063/2020,Scotland/EDB034/2020,Scotland/EDB107/2020,Scotland/EDB204/2020,Scotland/EDB354/2020,Scotland/EDB355/2020,Scotland/EDB191/2020,Scotland/EDB075/2020,Scotland/EDB044/2020,Scotland/EDB045/2020,Scotland/EDB266/2020,Scotland/EDB421/2020,Scotland/EDB410/2020,Scotland/EDB390/2020,Scotland/EDB110/2020,Scotland/EDB401/2020,Scotland/EDB382/2020,Scotland/EDB413/2020,Scotland/EDB071/2020,Scotland/EDB055/2020,Scotland/EDB091/2020,Scotland/EDB090/2020,Scotland/EDB066/2020,Scotland/EDB012/2020,Scotland/EDB183/2020,Scotland/EDB003/2020,Scotland/EDB013/2020,Scotland/EDB318/2020,Scotland/EDB378/2020,Scotland/EDB007/2020,Scotland/EDB033/2020,Scotland/EDB008/2020,Scotland/EDB005/2020,Scotland/EDB327/2020,Scotland/EDB561/2020,Scotland/EDB057/2020,Scotland/EDB383/2020,Scotland/EDB145/2020,Scotland/EDB120/2020,Scotland/EDB099/2020,Scotland/EDB119/2020,Scotland/EDB056/2020,Scotland/EDB155/2020,Scotland/EDB009/2020,Scotland/EDB513/2020,Scotland/EDB171/2020,Scotland/EDB234/2020,Scotland/EDB168/2020,Scotland/EDB101/2020,Scotland/EDB270/2020,Scotland/EDB083/2020,Scotland/EDB356/2020,Scotland/EDB051/2020,Scotland/EDB038/2020,Scotland/EDB018/2020,Scotland/EDB028/2020,Scotland/EDB035/2020,Scotland/EDB192/2020,Scotland/EDB193/2020,Scotland/EDB374/2020,Scotland/EDB300/2020,Scotland/EDB396/2020,Scotland/EDB560/2020,Scotland/EDB030/2020,Scotland/EDB118/2020,Scotland/EDB297/2020,Scotland/EDB029/2020,Scotland/EDB319/2020,Scotland/EDB335/2020,Scotland/EDB391/2020,Scotland/EDB067/2020,Scotland/EDB125/2020,Scotland/EDB412/2020,Scotland/EDB124/2020,Scotland/EDB142/2020,Scotland/EDB150/2020,Scotland/EDB011/2020,Scotland/EDB149/2020,Scotland/EDB278/2020,Scotland/EDB039/2020,Scotland/EDB036/2020,Scotland/EDB109/2020,Scotland/EDB151/2020,Scotland/EDB562/2020,Scotland/EDB392/2020,Scotland/EDB198/2020,Scotland/EDB070/2020,Scotland/EDB379/2020,Scotland/EDB197/2020,Scotland/EDB156/2020,Scotland/EDB084/2020,Scotland/EDB161/2020,Scotland/EDB565/2020,Scotland/EDB325/2020,Scotland/EDB189/2020,Scotland/EDB073/2020,Scotland/EDB144/2020,Scotland/EDB502/2020,Scotland/EDB559/2020,Scotland/EDB130/2020,Scotland/EDB087/2020,Scotland/EDB254/2020,Scotland/EDB287/2020,Scotland/EDB194/2020,Scotland/EDB181/2020,Scotland/EDB397/2020,Scotland/EDB212/2020,Scotland/EDB407/2020,Scotland/EDB218/2020,Scotland/EDB555/2020,Scotland/EDB362/2020,Scotland/EDB216/2020,Scotland/EDB103/2020,Scotland/EDB288/2020,Scotland/EDB283/2020,Scotland/EDB021/2020,Scotland/EDB031/2020,Scotland/EDB022/2020,Scotland/EDB081/2020,Scotland/EDB024/2020,Scotland/EDB058/2020,Scotland/EDB113/2020,Scotland/EDB014/2020,Scotland/EDB020/2020,Scotland/EDB517/2020,Scotland/EDB557/2020,Scotland/EDB111/2020
Griselda De Marco et al	10	unknown	unknown	unknown	Spain/Valencia24/2020,Spain/Valencia19/2020,Spain/Valencia6/2020,Spain/Valencia29/2020,Spain/Valencia70/2020,Spain/Valencia14/2020,Spain/Valencia56/2020,Spain/Valencia81/2020,Spain/Valencia90/2020,Spain/Valencia44/2020
Nascimento et al	1	unknown	unknown	unknown	Brazil/AMBR-02/2020
Marta Pla Diaz et al	5	unknown	unknown	unknown	Spain/Valencia30/2020,Spain/Valencia59/2020,Spain/Valencia73/2020,Spain/Valencia93/2020,Spain/Valencia84/2020
Navarro et al	10	unknown	unknown	unknown	Spain/Valencia2/2020,Spain/Valencia68/2020,Spain/Valencia55/2020,Spain/Valencia3/2020,Spain/Valencia54/2020,Spain/Valencia52/2020,Spain/Valencia49/2020,Spain/Valencia1/2020,Spain/Valencia41/2020,Spain/Valencia88/2020
Albert et al	114	unknown	unknown	unknown	France/GE1583/2020,France/IDF0515/2020,France/B2334/2020,France/B2340/2020,France/IDF0373/2020,France/IDF0372/2020,France/IDF0626/2020,France/IDF2561/2020,France/IDF2792/2020,France/IDF3029/2020,France/B1623/2020,France/IDF3345/2020,France/GE1977/2020,France/GE2843/2020,France/IDF3170/2020,France/HF2174/2020,France/HF2155/2020,France/HF2948/2020,France/HF1993/2020,France/HF1995/2020,France/HF3293/2020,France/HF2239/2020,France/IDF2532/2020,France/IDF2533/2020,France/IDF2410/2020,France/HF1684/2020,France/IDF2768/2020,France/HF2060/2020,France/IDF1980/2020,France/HF2393/2020,France/HF2748/2020,France/HF2597/2020,France/HF2405/2020,France/HF3036/2020,France/PL1643/2020,France/B2330/2020,France/B2348/2020,France/IDF3274/2020,France/HF1986/2020,France/HF1813/2020,France/HF1465/2020,France/B2349/2020,France/B2344/2020,France/B2351/2020,France/HF2039/2020,France/HF2946/2020,France/HF2237/2020,France/HF3138/2020,France/HF3290/2020,France/HF3141/2020,France/HF1989/2020,France/HF2601/2020,France/HF1988/2020,France/HF3295/2020,France/IDF2412/2020,France/IDF2414/2020,France/IDF3040/2020,France/IDF2075/2020,Algeria/G0860_2262/2020,France/HF2306/2020,Algeria/G0638_2264/2020,Algeria/G0640_2265/2020,France/IDF2548/2020,France/HF1871/2020,France/HF2595/2020,France/IDF2256/2020,France/IDF2936/2020,France/IDF3218/2020,France/IDF2359/2020,France/IDF3163/2020,France/HF1645/2020,France/HF1795/2020,France/B2336/2020,France/B2335/2020,France/IDF2989/2020,France/B2337/2020,France/HF2150/2020,France/HF2586/2020,France/B2346/2020,France/B2343/2020,France/IDF2284/2020,France/HF2381/2020,France/N1620/2020,France/N2223/2020,France/HF2234/2020,France/CVL3365/2020,France/CVL2000/2020,France/IDF3236/2020,France/IDF3212/2020,France/IDF2849/2020,France/GE1973/2020,France/HF1870/2020,France/BFC2147/2020,France/IDF3235/2020,France/GE3067/2020,France/IDF2536/2020,France/BFC2094/2020,France/BFC2709/2020,France/IDF2278/2020,France/IDF3230/2020,France/IDF2534/2020,France/HF2496/2020,France/IDF2848/2020,France/IDF3165/2020,France/HF2196/2020,France/HF2151/2020,France/IDF2420/2020,France/GE2720/2020,France/IDF2684/2020,France/GE2722/2020,France/IDF2279/2020,France/IDF3324/2020,France/IDF3276/2020,France/HF2797/2020
Anke Wienecke-Baldacchino et al	76	unknown	unknown	unknown	Luxembourg/LNS3307371/2020,Luxembourg/LNS3694003/2020,Luxembourg/LNS0591129/2020,Luxembourg/LNS0945359/2020,Luxembourg/LNS0641910/2020,Luxembourg/LNS1870254/2020,Luxembourg/LNS0000001/2020,Luxembourg/LNS7866283/2020,Luxembourg/LNS2151006/2020,Luxembourg/LNS3588186/2020,Luxembourg/LNS1909273/2020,Luxembourg/LNS3156434/2020,Luxembourg/LNS7914820/2020,Luxembourg/LNS3770609/2020,Luxembourg/LNS6282845/2020,Luxembourg/LNS8746229/2020,Luxembourg/LNS8124566/2020,Luxembourg/LNS8639502/2020,Luxembourg/LNS4134806/2020,Luxembourg/LNS9982497/2020,Luxembourg/LNS5228153/2020,Luxembourg/LNS7074589/2020,Luxembourg/LNS7970956/2020,Luxembourg/LNS9324837/2020,Luxembourg/LNS7928872/2020,Luxembourg/LNS2013896/2020,Luxembourg/LNS8489624/2020,Luxembourg/LNS9086704/2020,Luxembourg/LNS7537751/2020,Luxembourg/LNS3879580/2020,Luxembourg/LNS3089015/2020,Luxembourg/LNS9862689/2020,Luxembourg/LNS5032431/2020,Luxembourg/LNS9080444/2020,Luxembourg/LNS3711853/2020,Luxembourg/LNS1644489/2020,Luxembourg/LNS9512434/2020,Luxembourg/LNS0877496/2020,Luxembourg/LNS5440244/2020,Luxembourg/LNS0366116/2020,Luxembourg/LNS1586597/2020,Luxembourg/LNS9627078/2020,Luxembourg/LNS5731562/2020,Luxembourg/LNS2128808/2020,Luxembourg/LNS4836560/2020,Luxembourg/LNS7753431/2020,Luxembourg/LNS9510711/2020,Luxembourg/LNS1874423/2020,Luxembourg/LNS4845603/2020,Luxembourg/LNS4235576/2020,Luxembourg/LNS0272441/2020,Luxembourg/LNS1918658/2020,Luxembourg/LNS0716877/2020,Luxembourg/LNS2334563/2020,Luxembourg/LNS2848109/2020,Luxembourg/LNS1612000/2020,Luxembourg/LNS3404815/2020,Luxembourg/LNS0074148/2020,Luxembourg/LNS4691488/2020,Luxembourg/LNS3035957/2020,Luxembourg/LNS7007050/2020,Luxembourg/LNS9371718/2020,Luxembourg/LNS8188502/2020,Luxembourg/LNS2247193/2020,Luxembourg/LNS6603085/2020,Luxembourg/LNS0158952/2020,Luxembourg/LNS0156959/2020,Luxembourg/LNS2907333/2020,Luxembourg/LNS0756270/2020,Luxembourg/LNS1234709/2020,Luxembourg/LNS2886370/2020,Luxembourg/LNS2614631/2020,Luxembourg/LNS9652104/2020,Luxembourg/LNS0819394/2020,Luxembourg/LNS4569788/2020,Luxembourg/LNS7991123/2020
Murtskhvaladze et al	4	unknown	unknown	unknown	Georgia/Tb-390/2020,Georgia/Tb-1523/2020,Georgia/Tb-673/2020,Georgia/Tb-273/2020
Maria Alma Bracho et al	12	unknown	unknown	unknown	Spain/Valencia9/2020,Spain/Valencia10/2020,Spain/Valencia4/2020,Spain/Valencia21/2020,Spain/Valencia89/2020,Spain/Valencia26/2020,Spain/Valencia37/2020,Spain/Valencia11/2020,Spain/Valencia79/2020,Spain/Valencia16/2020,Spain/Valencia43/2020,Spain/Valencia69/2020
Ansari et al	1	unknown	unknown	unknown	Spain/Valencia67/2020
Bampali et al	3	unknown	unknown	unknown	Greece/16/2020,Greece/10/2020,Greece/12/2020
Romero et al	7	unknown	unknown	unknown	Brazil/RJ0113/2020,Brazil/MG0102/2020,Brazil/GO0106/2020,Brazil/MG0108/2020,Brazil/SP0104/2020,Brazil/SP0105/2020,Brazil/RS0107/2020
Moore et al	281	unknown	unknown	unknown	Wales/PHWC-2569A/2020,Wales/PHWC-266E4/2020,Wales/PHWC-26C88/2020,Wales/PHWC-2620E/2020,Wales/PHWC-2433A/2020,Wales/PHWC-26F52/2020,Wales/PHWC-27003/2020,Wales/PHWC-25E65/2020,Wales/PHWC-256F4/2020,Wales/PHWC-23E94/2020,Wales/PHWC-26101/2020,Wales/PHWC-26E91/2020,Wales/PHWC-249B0/2020,Wales/PHWC-24B23/2020,Wales/PHWC-2574C/2020,Wales/PHWC-2516C/2020,Wales/PHWC-25AF8/2020,Wales/PHWC-2622C/2020,Wales/PHWC-24B32/2020,Wales/PHWC-25A70/2020,Wales/PHWC-2664E/2020,Wales/PHWC-24DB4/2020,Wales/PHWC-2612F/2020,Wales/PHWC-26945/2020,Wales/PHWC-24BC9/2020,Wales/PHWC-2415E/2020,Wales/PHWC-251B7/2020,Wales/PHWC-25BC8/2020,Wales/PHWC-25023/2020,Wales/PHWC-24473/2020,Wales/PHWC-242D3/2020,Wales/PHWC-240BB/2020,Wales/PHWC-2568B/2020,Wales/PHWC-24F45/2020,Wales/PHWC-23D00/2020,Wales/PHWC-24C11/2020,Wales/PHWC-2709A/2020,Wales/PHWC-24EB1/2020,Wales/PHWC-24006/2020,Wales/PHWC-23E2B/2020,Wales/PHWC-26A60/2020,Wales/PHWC-23E58/2020,Wales/PHWC-25E1A/2020,Wales/PHWC-25014/2020,Wales/PHWC-26338/2020,Wales/PHWC-23CE5/2020,Wales/PHWC-25120/2020,Wales/PHWC-25964/2020,Wales/PHWC-25919/2020,Wales/PHWC-2665D/2020,Wales/PHWC-24929/2020,Wales/PHWC-24947/2020,Wales/PHWC-24B14/2020,Wales/PHWC-25797/2020,Wales/PHWC-24F72/2020,Wales/PHWC-25524/2020,Wales/PHWC-250F6/2020,Wales/PHWC-26A42/2020,Wales/PHWC-25858/2020,Wales/PHWC-23D1F/2020,Wales/PHWC-24419/2020,Wales/PHWC-243EF/2020,Wales/PHWC-2491A/2020,Wales/PHWC-26C97/2020,Wales/PHWC-24A62/2020,Wales/PHWC-25DE0/2020,Wales/PHWC-25E38/2020,Wales/PHWC-24A17/2020,Wales/PHWC-24DC3/2020,Wales/PHWC-23D6A/2020,Wales/PHWC-24288/2020,Wales/PHWC-24455/2020,Wales/PHWC-26909/2020,Wales/PHWC-242C4/2020,Wales/PHWC-244EC/2020,Wales/PHWC-240F7/2020,Wales/PHWC-243A3/2020,Wales/PHWC-2513F/2020,Wales/PHWC-250E7/2020,Wales/PHWC-24385/2020,Wales/PHWC-23CC7/2020,Wales/PHWC-23EFE/2020,Wales/PHWC-24BE7/2020,Wales/PHWC-23EC1/2020,Wales/PHWC-244DD/2020,Wales/PHWC-24CB7/2020,Wales/PHWC-2658D/2020,Wales/PHWC-24543/2020,Wales/PHWC-254EB/2020,Wales/PHWC-24A9F/2020,Wales/PHWC-24ADB/2020,Wales/PHWC-253A2/2020,Wales/PHWC-24464/2020,Wales/PHWC-249A1/2020,Wales/PHWC-24992/2020,Wales/PHWC-24A26/2020,Wales/PHWC-25E29/2020,Wales/PHW29/2020,Wales/PHWC-260F5/2020,Wales/PHWC-26329/2020,Wales/PHWC-256E5/2020,Wales/PHWC-25788/2020,Wales/PHWC-240D9/2020,Wales/PHWC-2571F/2020,Wales/PHWC-26DA3/2020,Wales/PHWC-2630B/2020,Wales/PHWC-253C0/2020,Wales/PHWC-26A7F/2020,Wales/PHWC-23FA0/2020,Wales/PHWC-24F81/2020,Wales/PHWC-24DE1/2020,Wales/PHWC-23EA3/2020,Wales/PHWC-26022/2020,Wales/PHWC-2575B/2020,Wales/PHWC-26013/2020,Wales/PHWC-2576A/2020,Wales/PHW32/2020,Wales/PHWC-2481D/2020,Wales/PHWC-24A35/2020,Wales/PHWC-23FEC/2020,Wales/PHWC-24B05/2020,Wales/PHWC-24525/2020,Wales/PHWC-242A6/2020,Wales/PHWC-2423D/2020,Wales/PHWC-262FF/2020,Wales/PHWC-25DC2/2020,Wales/PHWC-25F26/2020,Wales/PHWC-26CF1/2020,Wales/PHWC-262C2/2020,Wales/PHWC-25F08/2020,Wales/PHWC-25F17/2020,Wales/PHWC-24AEA/2020,Wales/PHWC-25928/2020,Wales/PHWC-25B13/2020,Wales/PHW28/2020,Wales/PHWC-23CB8/2020,Wales/PHWC-24631/2020,Wales/PHWC-25A9E/2020,Wales/PHWC-2707C/2020,Wales/PHWC-25849/2020,Wales/PHWC-2517B/2020,Wales/PHWC-244FB/2020,Wales/PHWC-2711F/2020,Wales/PHWC-25032/2020,Wales/PHWC-24358/2020,Wales/PHWC-26E46/2020,Wales/PHWC-25FBD/2020,Wales/PHWC-262A4/2020,Wales/PHWC-2607D/2020,Wales/PHWC-26453/2020,Wales/PHWC-26408/2020,Wales/PHWC-2559D/2020,Wales/PHWC-266B7/2020,Wales/PHWC-23BAC/2020,Wales/PHW07/2020,Wales/PHWC-23DE2/2020,Wales/PHWC-23B06/2020,Wales/PHWC-23AEB/2020,Wales/PHWC-23ACD/2020,Wales/PHWC-23ADC/2020,Wales/PHWC-26B4F/2020,Wales/PHWC-25551/2020,Wales/PHWC-26DC1/2020,Wales/PHWC-26990/2020,Wales/PHWC-269BE/2020,Wales/PHWC-26787/2020,Wales/PHWC-26F07/2020,Wales/PHWC-25FF9/2020,Wales/PHWC-2656F/2020,Wales/PHWC-263DE/2020,Wales/PHWC-24F09/2020,Wales/PHWC-25E56/2020,Wales/PHWC-26C4C/2020,Wales/PHWC-247C5/2020,Wales/PHWC-25DD1/2020,Wales/PHWC-25041/2020,Wales/PHWC-25EFC/2020,Wales/PHWC-26857/2020,Wales/PHWC-2565E/2020,Wales/PHWC-26C1F/2020,Wales/PHWC-267B4/2020,Wales/PHWC-2465F/2020,Wales/PHWC-24DD2/2020,Wales/PHWC-25F62/2020,Wales/PHWC-263A1/2020,Wales/PHWC-26D49/2020,Wales/PHWC-246F5/2020,Wales/PHWC-26918/2020,Wales/PHWC-2649F/2020,Wales/PHWC-265BA/2020,Wales/PHWC-24E93/2020,Wales/PHWC-25A34/2020,Wales/PHWC-24D1E/2020,Wales/PHWC-249DE/2020,Wales/PHWC-26DD0/2020,Wales/PHWC-26C5B/2020,Wales/PHWC-26769/2020,Wales/PHWC-26F61/2020,Wales/PHWC-25955/2020,Wales/PHWC-269EB/2020,Wales/PHWC-2704F/2020,Wales/PHWC-246B9/2020,Wales/PHWC-24F18/2020,Wales/PHWC-26444/2020,Wales/PHWC-25BD7/2020,Wales/PHWC-246C8/2020,Wales/PHWC-26426/2020,Wales/PHWC-26C00/2020,Wales/PHWC-26E37/2020,Wales/PHWC-26E19/2020,Wales/PHWC-25BE6/2020,Wales/PHWC-253EE/2020,Wales/PHWC-23BD9/2020,Wales/PHWC-23BE8/2020,Wales/PHWC-253B1/2020,Wales/PHWC-254AF/2020,Wales/PHWC-26EBF/2020,Wales/PHWC-2715B/2020,Wales/PHWC-26A33/2020,Wales/PHWC-264BD/2020,Wales/PHWC-23E49/2020,Wales/PHWC-26B12/2020,Wales/PHWC-23D4C/2020,Wales/PHWC-265AB/2020,Wales/PHWC-23BF7/2020,Wales/PHWC-26ABB/2020,Wales/PHWC-26AD9/2020,Wales/PHWC-26C3D/2020,Wales/PHWC-26602/2020,Wales/PHWC-268DF/2020,Wales/PHWC-24015/2020,Wales/PHWC-26480/2020,Wales/PHWC-267E1/2020,Wales/PHWC-24491/2020,Wales/PHWC-26EEC/2020,Wales/PHWC-246E6/2020,Wales/PHWC-2613E/2020,Wales/PHWC-241A9/2020,Wales/PHWC-25F71/2020,Wales/PHW1/2020,Wales/PHWC-2670F/2020,Wales/PHWC-2706D/2020,Wales/PHWC-24024/2020,Wales/PHWC-2713D/2020,Wales/PHWC-27012/2020,Wales/PHWC-24367/2020,Wales/PHWC-26848/2020,Wales/PHW17/2020,Wales/PHWC-26417/2020,Wales/PHWC-26CB5/2020,Wales/PHWC-26611/2020,Wales/PHWC-262D1/2020,Wales/PHWC-26AAC/2020,Wales/PHWC-26F8F/2020,Wales/PHWC-26462/2020,Wales/PHWC-269CD/2020,Wales/PHWC-264F9/2020,Wales/PHWC-25ACB/2020,Wales/PHWC-26BD6/2020,Wales/PHW12/2020,Wales/PHWC-255AC/2020,Wales/PHWC-2623B/2020,Wales/PHWC-25C10/2020,Wales/PHWC-261F2/2020,Wales/PHWC-26963/2020,Wales/PHWC-23E85/2020,Wales/PHWC-267C3/2020,Wales/PHWC-25C3E/2020,Wales/PHWC-248C2/2020,Wales/PHWC-248B3/2020,Wales/PHWC-26E73/2020,Wales/PHWC-26FBC/2020,Wales/PHWC-265C9/2020,Wales/PHWC-25937/2020,Wales/PHWC-252B4/2020,Wales/PHWC-267A5/2020,Wales/PHWC-260B9/2020,Wales/PHWC-26AF7/2020,Wales/PHWC-26E82/2020,Wales/PHWC-247B6/2020,Wales/PHWC-260E6/2020
Beamud et al	5	unknown	unknown	unknown	Spain/Valencia71/2020,Spain/Valencia28/2020,Spain/Valencia57/2020,Spain/Valencia91/2020,Spain/Valencia82/2020
Giuseppe D'Auria et al	6	unknown	unknown	unknown	Spain/Valencia23/2020,Spain/Valencia18/2020,Spain/Valencia8/2020,Spain/Valencia40/2020,Spain/Valencia13/2020,Spain/Valencia51/2020
Medina et al	3	unknown	unknown	unknown	Chile/Santiago_op3d1/2020,Chile/Santiago_op2d1/2020,Chile/Santiago_op4d1/2020
Carbo et al	3	unknown	unknown	unknown	Spain/Valencia62/2020,Spain/Valencia97/2020,Spain/Valencia47/2020
Inma Galan Vendrell et al	6	unknown	unknown	unknown	Spain/Valencia61/2020,Spain/Valencia33/2020,Spain/Valencia45/2020,Spain/Valencia96/2020,Spain/Valencia48/2020,Spain/Valencia75/2020
Maria Dolores Ocete et al	6	unknown	unknown	unknown	Spain/Valencia5/2020,Spain/Valencia38/2020,Spain/Valencia12/2020,Spain/Valencia22/2020,Spain/Valencia80/2020,Spain/Valencia17/2020
Mariana Reyes-Prieto et al	3	unknown	unknown	unknown	Spain/Valencia35/2020,Spain/Valencia65/2020,Spain/Valencia77/2020
Paula Ruiz-Hueso et al	5	unknown	unknown	unknown	Spain/Valencia34/2020,Spain/Valencia99/2020,Spain/Valencia50/2020,Spain/Valencia76/2020,Spain/Valencia64/2020
Gimeno et al	1	unknown	unknown	unknown	Spain/Valencia39/2020
Vicente Soriano Chirona et al	3	unknown	unknown	unknown	Spain/Valencia36/2020,Spain/Valencia78/2020,Spain/Valencia66/2020
Paden et al	1	unknown	unknown	unknown	USA/MA1/2020
Sah et al	1	unknown	unknown	unknown	Nepal/61/2020
Zhang et al	4	unknown	unknown	unknown	Wuhan-Hu-1/2019,USA/WI1/2020,USA/CA6/2020,Zhejiang/HZ103/2020
Boese et al	1	unknown	unknown	unknown	Canada/ON-VIDO-01/2020
Eshaghi et al	16	unknown	unknown	unknown	Canada/ON-PHL2445/2020,Canada/ON_PHL4181/2020,Canada/ON_PHL3318/2020,Canada/ON_PHL5472/2020,Canada/ON_PHL3670/2020,Canada/ON_PHL7590/2020,Canada/ON_PHL8539/2020,Canada/ON_PHL3536/2020,Canada/ON_PHL3695/2020,Canada/ON_PHL1898/2020,Canada/ON_PHL0743/2020,Canada/ON_PHL8751/2020,Canada/ON_PHL5672/2020,Canada/ON_PHL3380/2020,Canada/ON_PHLU8150/2020,Canada/ON_PHL4088/2020
Meumann et al	4	unknown	unknown	unknown	Australia/NT02/2020,Australia/NT01/2020,Australia/NT05/2020,Australia/NT04/2020
Alghoribi et al	1	unknown	unknown	unknown	SaudiArabia/KAIMRC-Alghoribi/2020
Giandhari et al	5	unknown	unknown	unknown	SouthAfrica/KRISP_0006/2020,SouthAfrica/KRISP_0002/2020,SouthAfrica/KRISP_0012/2020,SouthAfrica/KRISP_0007/2020,SouthAfrica/KRISP_0011/2020
Yoong Min CHONG et al	2	unknown	unknown	unknown	Malaysia/188407/2020,Malaysia/189332/2020
Hishiki et al	4	unknown	unknown	unknown	Japan/Hu_DP_Kng_19-031/2020,Japan/Hu_DP_Kng_19-020/2020,Japan/Hu_DP_Kng_19-027/2020,Japan/Hu_Kng_19-437/2020
Inbar Cohen-Gihon et al	2	unknown	unknown	unknown	Israel/ISR_JP0320/2020,Israel/ISR_IT0320/2020
Ge et al	1	unknown	unknown	unknown	Fuyang/FY002/2020
Kotaria et al	5	unknown	unknown	unknown	Georgia/Tb-468/2020,Georgia/Tb-54/2020,Georgia/Tb-82/2020,Georgia/Tb-1352/2020,Georgia/Tb-477/2020
Machablishvili et al	1	unknown	unknown	unknown	Georgia/Tb-537/2020
Stefanelli et al	2	unknown	unknown	unknown	Italy/SPL1/2020,Italy/CDG1/2020
Capobianchi et al	1	unknown	unknown	unknown	Italy/INMI1-cs/2020
Kathrine Stene-Johansen et al	22	unknown	unknown	unknown	Norway/1538/2020,Norway/1455/2020,Norway/1494/2020,Norway/1443/2020,Norway/1694/2020,Norway/1493/2020,Norway/1380/2020,Norway/1379/2020,Norway/2087/2020,Norway/1526/2020,Norway/2093/2020,Norway/2090/2020,Norway/1867/2020,Norway/1811/2020,Norway/1495/2020,Norway/1781/2020,Norway/2114/2020,Norway/2113/2020,Norway/1989/2020,Norway/1951/2020,Norway/1772/2020,Norway/1955/2020
Javed et al	1	unknown	unknown	unknown	Pakistan/Gilgit1/2020
Harrigan et al	10	unknown	unknown	unknown	Canada/BC_17397/2020,Canada/BC_13297/2020,Canada/BC_69243/2020,Canada/BC_37_0-2/2020,Canada/BC_5522039/2020,Canada/BC_7553799/2020,Canada/BC_9574898/2020,Canada/BC_6997898/2020,Canada/BC_9345715/2020,Canada/BC_8486790/2020
Tsao et al	12	unknown	unknown	unknown	Taiwan/CGMH-CGU-04/2020,Taiwan/CGMH-CGU-05/2020,Taiwan/CGMH-CGU-03/2020,Taiwan/CGMH-CGU-09/2020,Taiwan/CGMH-CGU-02/2020,Taiwan/CGMH-CGU-01/2020,Taiwan/CGMH-CGU-18/2020,Taiwan/CGMH-CGU-20/2020,Taiwan/CGMH-CGU-19/2020,Taiwan/CGMH-CGU-17/2020,Taiwan/CGMH-CGU-14/2020,Taiwan/CGMH-CGU-15/2020
Patel et al	1	unknown	unknown	unknown	USA/NY1-PV08001/2020
Yadav et al	15	unknown	unknown	unknown	India/1111/2020,India/1617/2020,India/1644/2020,India/1652/2020,India/1104/2020,India/1616/2020,India/1621/2020,India/1063/2020,India/1093/2020,India/1073/2020,India/1100/2020,India/1115/2020,India/c31/2020,India/3118/2020,India/3239/2020
Shaikh Terkis Islam Pavel et al	1	unknown	unknown	unknown	Turkey/ERAGEM-001/2020
Zeinali et al	1	unknown	unknown	unknown	Iran/HGRC-01-IPI-8206/2020
Fahd Al-Mulla et al	8	unknown	unknown	unknown	Kuwait/KU17/2020,Kuwait/KU09/2020,Kuwait/KU18/2020,Kuwait/KU12/2020,Kuwait/KU008/2020,Kuwait/KU001/2020,Kuwait/KU005/2020,Kuwait/KU006/2020
Popa et al	14	unknown	unknown	unknown	Austria/CeMM0004/2020,Austria/CeMM0005/2020,Austria/CeMM0001/2020,Austria/CeMM0002/2020,Austria/CeMM0003/2020,Austria/CeMM0019/2020,Austria/CeMM0007/2020,Austria/CeMM0013/2020,Austria/CeMM0014/2020,Austria/CeMM0006/2020,Austria/CeMM0016/2020,Austria/CeMM0008/2020,Austria/CeMM0011/2020,Austria/CeMM0015/2020
Joan Marti-Carreras et al	141	unknown	unknown	unknown	Belgium/MSE-0324121/2020,Belgium/DVG-0325146/2020,Belgium/DMM-0325180/2020,Belgium/BJ-0325181/2020,Belgium/JJC-0325165/2020,Belgium/DV-0324117/2020,Belgium/SR-0319112/2020,Belgium/VRJM-0323114/2020,Belgium/VHV-0324118/2020,Belgium/DME-0324135/2020,Belgium/MNL-0324130/2020,Belgium/MJP-0306100/2020,Belgium/SJ-030583/2020,Belgium/AC-030982/2020,Belgium/DA-030691/2020,Belgium/KKN-0319184/2020,Belgium/VGA-030672/2020,Belgium/HP-0319108/2020,Belgium/QOJ-030751/2020,Belgium/MSE-0324131/2020,Belgium/FAE-030948/2020,Belgium/RA-030445/2020,Belgium/CF-0324119/2020,Belgium/NJC-0324126/2020,Belgium/LPDC-0323115/2020,Belgium/UNJP-0324125/2020,Belgium/RDC-030961/2020,Belgium/OT-0319109/2020,Belgium/UM-0318103/2020,Belgium/SC-0319113/2020,Belgium/EBN-0323116/2020,Belgium/MC-0323129/2020,Belgium/GMJ-0324132/2020,Belgium/LV-0324133/2020,Belgium/NML-0325127/2020,Belgium/FFJ-0324124/2020,Belgium/DPG-0325123/2020,Belgium/RC-0324168/2020,Belgium/030959/2020,Belgium/FM-030592/2020,Belgium/LD-030597/2020,Belgium/VMC-030695/2020,Belgium/SB-030990/2020,Belgium/RYR-030649/2020,Belgium/GJ-030458/2020,Belgium/TG-030757/2020,Belgium/RGE-0325122/2020,Belgium/JK-0305110/2020,Belgium/DJ-030452/2020,Belgium/MF-030546/2020,Belgium/GSA-030454/2020,Belgium/MC-030689/2020,Belgium/DD-030593/2020,Belgium/RR-030699/2020,Belgium/RA-030664/2020,Belgium/KN-030756/2020,Belgium/DAL-030650/2020,Belgium/VF-030562/2020,Belgium/RJ-030552/2020,Belgium/VJP-030463/2020,Belgium/HCM-0324151/2020,Belgium/GJJ-0325145/2020,Belgium/VWJM-0324136/2020,Belgium/VT-0325143/2020,Belgium/SEM-0324120/2020,Belgium/VPMV-0325153/2020,Belgium/LJ-0325148/2020,Belgium/PC-0325147/2020,Belgium/MAC-0324142/2020,Belgium/BDW-030694/2020,Belgium/BS-030598/2020,Belgium/NL-030447/2020,Belgium/FMC-0323159/2020,Belgium/BEG-0323154/2020,Belgium/DNS-0324176/2020,Belgium/PC-0325182/2020,Belgium/NMA-0324169/2020,Belgium/NIM-0324161/2020,Belgium/ML-0324164/2020,Belgium/CD-030679/2020,Belgium/MJP-030684/2020,Belgium/RJL-030588/2020,Belgium/WWM-030665/2020,Belgium/LY-030575/2020,Belgium/LM-030685/2020,Belgium/PA-030680/2020,Belgium/ECC-030686/2020,Belgium/PAN-030681/2020,Belgium/JLJ-0320101/2020,Belgium/GE-0317105/2020,Belgium/VL-0318104/2020,Belgium/DA-0319106/2020,Belgium/VNP-0320107/2020,Belgium/DRV-0325157/2020,Belgium/VHC-030655/2020,Belgium/HC-030760/2020,Belgium/BJ-0324192/2020,Belgium/DVBJ-030468/2020,Belgium/BM-030687/2020,Belgium/GOF-030578/2020,Belgium/DBOM-030566/2020,Belgium/BGM-030444/2020,Belgium/DCS-030796/2020,Belgium/BCM-0324160/2020,Belgium/VM-0325171/2020,Belgium/DJMG-0325156/2020,Belgium/VLG-0325162/2020,Belgium/MCW-030574/2020,Belgium/AKM-030670/2020,Belgium/MS-0324134/2020,Belgium/GE-030573/2020,Belgium/DLDJ-030569/2020,Belgium/CJE-0325178/2020,Belgium/HL-030771/2020,Belgium/DCB-0324163/2020,Belgium/BJ-030767/2020,Belgium/WAM-030676/2020,Belgium/RS-030677/2020,Belgium/PJM-0325166/2020,Belgium/CK-0324150/2020,Belgium/AGR-0324174/2020,Belgium/VD-0318102/2020,Belgium/EC-0325128/2020,Belgium/OS-0325137/2020,Belgium/DCS-0325158/2020,Belgium/NA-0323141/2020,Belgium/DB-0323140/2020,Belgium/CJM-0323175/2020,Belgium/RHA-0324177/2020,Belgium/ZF-0325152/2020,Belgium/BS-0325183/2020,Belgium/RS-0324138/2020,Belgium/NKMA-0324172/2020,Belgium/BEG-0324149/2020,Belgium/CCM-0324167/2020,Belgium/STM-0324170/2020,Belgium/PM-0324144/2020,Belgium/QL-0324173/2020,Belgium/GLA-0324179/2020,Belgium/CA-0319111/2020,Belgium/GM-0323139/2020
Bengner et al	1	unknown	unknown	unknown	Sweden/01/2020
Terrier et al	1	unknown	unknown	unknown	France/IDF0386-islP1/2020
Octavia et al	5	unknown	unknown	unknown	Singapore/7/2020,Singapore/8/2020,Singapore/9/2020,Singapore/10/2020,Singapore/11/2020
Claudio Tavares Sacchi et al	12	unknown	unknown	unknown	Brazil/SPBR-10/2020,Brazil/SPBR-11/2020,Brazil/SPBR-12/2020,Brazil/SPBR-13/2020,Brazil/SPBR-08/2020,Brazil/SPBR-03/2020,Brazil/SPBR-04/2020,Brazil/SPBR-07/2020,Brazil/SPBR-14/2020,Brazil/SPBR-06/2020,Brazil/SPBR-05/2020,Brazil/SPBR-09/2020
Clark et al	19	unknown	unknown	unknown	England/NOTT-10E441/2020,England/NOTT-10E678/2020,England/NOTT-10E1FF/2020,England/NOTT-10DF50/2020,England/NOTT-10E3BD/2020,England/NOTT-10E2CF/2020,England/NOTT-10DECC/2020,England/NOTT-10E6B4/2020,England/NOTT-10E326/2020,England/NOTT-10EA03/2020,England/NOTT-10DFD8/2020,England/NOTT-10DF14/2020,England/NOTT-10E010/2020,England/NOTT-10E696/2020,England/NOTT-10E8AF/2020,England/NOTT-10E229/2020,England/NOTT-10E2B0/2020,England/NOTT-10E4F6/2020,England/NOTT-10E9CA/2020
Jaqueline Goes de Jesus et al	2	unknown	unknown	unknown	Brazil/SPBR-02/2020,Brazil/SPBR-01/2020
Thushan de Silva et al	31	unknown	unknown	unknown	England/SHEF-C029D/2020,England/SHEF-C0039/2020,England/SHEF-BFDDC/2020,England/SHEF-BFE33/2020,England/SHEF-C0260/2020,England/SHEF-C053A/2020,England/SHEF-BFFD6/2020,England/SHEF-BFD36/2020,England/SHEF-BFEBB/2020,England/SHEF-C0576/2020,England/SHEF-C087D/2020,England/Sheff01/2020,England/SHEF-C0488/2020,England/SHEF-C0646/2020,England/SHEF-C0215/2020,England/SHEF-C043D/2020,England/SHEF-C046A/2020,England/SHEF-C0752/2020,England/SHEF-C03F4/2020,England/SHEF-C0242/2020,England/SHEF-BFED9/2020,England/SHEF-C02D9/2020,England/SHEF-C0716/2020,England/SHEF-C051C/2020,England/SHEF-C0303/2020,England/SHEF-C0048/2020,England/SHEF-C045B/2020,England/SHEF-C0901/2020,England/SHEF-C0154/2020,England/SHEF-C0181/2020,England/SHEF-C08E6/2020
Bal et al	86	unknown	unknown	unknown	France/ARA11036/2020,France/Lyon_06573/2020,France/RA739/2020,France/ARA10282/2020,France/Valence_425/2020,France/ARA10251/2020,France/ARA12217/2020,France/ARA10876/2020,France/ARA12877/2020,France/Lyon_0693/2020,France/ARA12558/2020,France/ARA1307/2020,France/ARA12371/2020,France/ARA10192/2020,France/ARA10552/2020,France/ARA12260/2020,France/ARA11949/2020,France/ARA11950/2020,France/ARA12222/2020,France/ARA11939/2020,France/ARA12759/2020,France/ARA09428/2020,France/Lyon_0668/2020,France/ARA1284/2020,France/ARA10968/2020,France/ARA10910/2020,France/ARA11952/2020,France/ARA12499/2020,France/ARA09588/2020,France/ARA12125/2020,France/ARA12249/2020,France/ARA12388/2020,France/Bourg-en-Bresse_06813/2020,France/Lyon_508/2020,France/ARA1322/2020,France/ARA10170/2020,France/ARA12253/2020,France/ARA12632/2020,France/ARA12626/2020,France/ARA11980/2020,France/Lyon_06464/2020,France/ARA12270/2020,France/ARA11997/2020,France/ARA12630/2020,France/ARA11995/2020,France/ARA12269/2020,France/Macon_06756/2020,France/Bourg-en-Bresse_06678/2020,France/ARA10172/2020,France/ARA10165/2020,France/ARA10163/2020,France/ARA12238/2020,France/Clermont-Ferrand_650/2020,France/Clermont-Ferrand_651/2020,France/Lyon_06042/2020,France/Lyon_683/2020,France/ARA094100/2020,France/ARA09434/2020,France/ARA12915/2020,France/ARA13074/2020,France/ARA13095/2020,France/ARA12264/2020,France/ARA12265/2020,France/Lyon_06820/2020,France/Lyon_06625/2020,France/Valence_532/2020,France/ARA09451/2020,France/Pollionay_1733/2020,France/ARA12973/2020,France/ARA10188/2020,France/Lyon_06531/2020,France/ARA13160/2020,France/ARA11943/2020,France/ARA10189/2020,France/ARA12384/2020,France/ARA12250/2020,France/ARA12576/2020,France/ARA12485/2020,France/Lyon_06056/2020,France/Lyon_06487/2020,France/Lyon_487/2020,France/ARA09686/2020,France/ARA12524/2020,France/ARA10184/2020,France/ARA10257/2020,France/ARA12996/2020
Schmutz et al	6	unknown	unknown	unknown	Switzerland/1000477102/2020,Switzerland/1000477757/2020,Switzerland/1000477377/2020,Switzerland/1000477797/2020,Switzerland/1000477806/2020,Switzerland/1000477796/2020
Smollett et al	3	unknown	unknown	unknown	Scotland/CVR10/2020,Scotland/CVR07/2020,Scotland/CVR06/2020
Ana Gonzalez-Reiche et al	4	unknown	unknown	unknown	USA/NY-PV09154/2020,USA/NY-PV08498/2020,USA/NY-PV09019/2020,USA/NY-PV09178/2020
Meredith et al	35	unknown	unknown	unknown	England/CAMB-737E5/2020,England/CAMB-749A2/2020,England/CAMB-77013/2020,England/CAMB-74456/2020,England/CAMB-76EB0/2020,England/CAMB-746D8/2020,England/CAMB-73A19/2020,England/CAMB-744A1/2020,England/CAMB-7707D/2020,England/CAMB-7391C/2020,England/CAMB-74438/2020,England/CAMB-7569B/2020,England/CAMB-74D00/2020,England/CAMB-77031/2020,England/CAMB-76F9F/2020,England/CAMB-73A28/2020,England/CAMB-7378B/2020,England/CAMB-73879/2020,England/CAMB-74465/2020,England/CAMB-76FBD/2020,England/CAMB-74C5E/2020,England/CAMB-77040/2020,England/CAMB-76FDB/2020,England/CAMB-76FCC/2020,England/CAMB-737D6/2020,England/CAMB-748F0/2020,England/CAMB-739D0/2020,England/CAMB-76E38/2020,England/CAMB-73800/2020,England/CAMB-76FF9/2020,England/CAMB-745CC/2020,England/CAMB-7706E/2020,England/CAMB-7381F/2020,England/CAMB-76E92/2020,England/CAMB-76EDE/2020
M.E. Quinones-Mateu et al	2	unknown	unknown	unknown	NewZealand/CoV002/2020,NewZealand/CoV001/2020
Roychoudhury et al	7	unknown	unknown	unknown	USA/WA3-UW1/2020,USA/WA-UW-1645/2020,USA/CT-UW254/2020,USA/CT-UW-4347/2020,USA/WA-UW291/2020,USA/WA-UW-4406/2020,USA/WA-UW-2234/2020
Placide Mbala-Kingebeni et al	20	unknown	unknown	unknown	DRC/158/2020,DRC/KN-0059/2020,DRC/215/2020,DRC/523/2020,DRC/241/2020,DRC/KN-13/2020,DRC/81/2020,DRC/73/2020,DRC/80/2020,DRC/KN-0072/2020,DRC/376/2020,DRC/396/2020,DRC/397/2020,DRC/214/2020,DRC/KN-0058/2020,DRC/94/2020,DRC/248/2020,DRC/82/2020,DRC/521/2020,DRC/253/2020
Muenchhoff et al	14	unknown	unknown	unknown	Germany/BAV-V2011395/2020,Germany/BAV-V2011463/2020,Germany/BAV-V2010486/2020,Germany/BAV-V2011376/2020,Germany/BAV-V2010492/2020,Germany/BAV-V2010837/2020,Germany/BAV-V2012612/2020,Germany/BAV-V2012622/2020,Germany/BAV-V2012620/2020,Germany/BAV-V2012856/2020,Germany/BAV-V2011673/2020,Germany/BAV-V2011675/2020,Germany/BAV-V2011672/2020,Germany/BAV-V2010840/2020
Resende et al	3	unknown	unknown	unknown	Brazil/ES-225/2020,Brazil/BA-312/2020,Brazil/RJ-314/2020
Carr et al	11	unknown	unknown	unknown	Ireland/22901/2020,Ireland/24042/2020,Ireland/Dublin-22361/2020,Ireland/21145/2020,Ireland/21023/2020,Ireland/Dublin-19072/2020,Ireland/Dublin-22428/2020,Ireland/24052/2020,Ireland/Limerick-19934/2020,Ireland/Limerick-19935/2020,Ireland/Limerick-19933/2020
Costa et al	2	unknown	unknown	unknown	Portugal/IGC00009/2020,Portugal/IGC00010/2020
Tomaz Mark Zorec et al	1	unknown	unknown	unknown	Slovenia/808/2020
Smura et al	33	unknown	unknown	unknown	Finland/FIN01032020/2020,Finland/FIN-274/2020,Finland/FIN03032020B/2020,Finland/14M74/2020,Finland/1/2020,Finland/14M82/2020,Finland/FIN-114/2020,Finland/FIN-25/2020,Finland/14M13/2020,Finland/14M14/2020,Finland/13M77/2020,Finland/FIN-508/2020,Finland/13M3/2020,Finland/FIN03032020C/2020,Finland/FIN-318/2020,Finland/FIN-313/2020,Finland/FIN-266/2020,Finland/13M33/2020,Finland/13M65/2020,Finland/13M60/2020,Finland/14M12/2020,Finland/13M64/2020,Finland/13M82/2020,Finland/14M3/2020,Finland/13M83/2020,Finland/13M69/2020,Finland/FIN-455/2020,Finland/13M26/2020,Finland/13M27/2020,Finland/14M32/2020,Finland/FIN03032020A/2020,Finland/13M57/2020,Finland/14M77/2020
Durkin et al	114	unknown	unknown	unknown	Belgium/ULG-10022/2020,Belgium/ULG-10080/2020,Belgium/ULG-6688/2020,Belgium/ULG-10052/2020,Belgium/ULG-10028/2020,Belgium/ULG-10032/2020,Belgium/ULG-6743/2020,Belgium/ULG-10089/2020,Belgium/ULG-10088/2020,Belgium/ULG-10095/2020,Belgium/ULG-7626/2020,Belgium/ULG-10045/2020,Belgium/ULG-10046/2020,Belgium/ULG-10053/2020,Belgium/ULG-10006/2020,Belgium/ULG-10043/2020,Belgium/ULG-10068/2020,Belgium/ULG-10044/2020,Belgium/ULG-10061/2020,Belgium/ULG-7242/2020,Belgium/ULG-10018/2020,Belgium/ULG-10027/2020,Belgium/ULG-10067/2020,Belgium/ULG-10066/2020,Belgium/ULG-8543/2020,Belgium/ULG-10013/2020,Belgium/ULG-9742/2020,Belgium/ULG-10025/2020,Belgium/ULG-9741/2020,Belgium/ULG-10024/2020,Belgium/ULG-10050/2020,Belgium/ULG-9735/2020,Belgium/ULG-9634/2020,Belgium/ULG-10082/2020,Belgium/ULG-10057/2020,Belgium/ULG-10093/2020,Belgium/ULG-10029/2020,Belgium/ULG-10042/2020,Belgium/ULG-10072/2020,Belgium/ULG-9714/2020,Belgium/ULG-10014/2020,Belgium/ULG-9719/2020,Belgium/ULG-10007/2020,Belgium/ULG-10058/2020,Belgium/ULG-10051/2020,Belgium/ULG-10092/2020,Belgium/ULG-9738/2020,Belgium/ULG-10085/2020,Belgium/ULG-9620/2020,Belgium/ULG-10009/2020,Belgium/ULG-10003/2020,Belgium/ULG-10011/2020,Belgium/ULG-6732/2020,Belgium/ULG-10026/2020,Belgium/ULG-9732/2020,Belgium/ULG-9694/2020,Belgium/ULG-10012/2020,Belgium/ULG-10054/2020,Belgium/ULG-8617/2020,Belgium/ULG-6649/2020,Belgium/ULG-10016/2020,Belgium/ULG-10001/2020,Belgium/ULG-8541/2020,Belgium/ULG-10078/2020,Belgium/ULG-9751/2020,Belgium/ULG-9572/2020,Belgium/ULG-8578/2020,Belgium/ULG-10004/2020,Belgium/ULG-8808/2020,Belgium/ULG-9641/2020,Belgium/ULG-10079/2020,Belgium/ULG-7821/2020,Belgium/ULG-10065/2020,Belgium/ULG-8715/2020,Belgium/ULG-10017/2020,Belgium/ULG-7773/2020,Belgium/ULG-10071/2020,Belgium/ULG-9647/2020,Belgium/ULG-9739/2020,Belgium/ULG-10084/2020,Belgium/ULG-10015/2020,Belgium/ULG-8664/2020,Belgium/ULG-10063/2020,Belgium/ULG-10031/2020,Belgium/ULG-8634/2020,Belgium/ULG-10056/2020,Belgium/ULG-10069/2020,Belgium/ULG-8595/2020,Belgium/ULG-10077/2020,Belgium/ULG-10081/2020,Belgium/ULG-9716/2020,Belgium/ULG-10040/2020,Belgium/ULG-10060/2020,Belgium/ULG-10008/2020,Belgium/ULG-9558/2020,Belgium/ULG-10033/2020,Belgium/ULG-10047/2020,Belgium/ULG-9715/2020,Belgium/ULG-7729/2020,Belgium/ULG-10062/2020,Belgium/ULG-8532/2020,Belgium/ULG-10094/2020,Belgium/ULG-10086/2020,Belgium/ULG-9617/2020,Belgium/ULG-9618/2020,Belgium/ULG-7134/2020,Belgium/ULG-7500/2020,Belgium/ULG-10055/2020,Belgium/ULG-10049/2020,Belgium/ULG-10074/2020,Belgium/ULG-8810/2020,Belgium/ULG-9725/2020,Belgium/ULG-9619/2020,Belgium/ULG-10030/2020
Keith et al	21	unknown	unknown	unknown	Belgium/ULG-3665/2020,Belgium/ULG-3662/2020,Belgium/ULG-3683/2020,Belgium/ULG-7019/2020,Belgium/ULG-6638/2020,Belgium/ULG-2971/2020,Belgium/ULG-3843/2020,Belgium/ULG-6950/2020,Belgium/ULG-6942/2020,Belgium/ULG-6948/2020,Belgium/ULG-6216/2020,Belgium/ULG-3000/2020,Belgium/ULG-6457/2020,Belgium/ULG-6754/2020,Belgium/ULG-4163/2020,Belgium/ULG-6972/2020,Belgium/ULG-6503/2020,Belgium/ULG-6670/2020,Belgium/ULG-6939/2020,Belgium/ULG-3162/2020,Belgium/ULG-3163/2020
Vereecke et al	10	unknown	unknown	unknown	Belgium/UGent-9/2020,Belgium/UGent-10/2020,Belgium/UGent-3/2020,Belgium/UGent-19/2020,Belgium/UGent-21/2020,Belgium/UGent-20/2020,Belgium/UGent-4/2020,Belgium/UGent-8/2020,Belgium/UGent-12/2020,Belgium/UGent-13/2020
Pilailuk et al	2	unknown	unknown	unknown	Nonthaburi/61/2020,Nonthaburi/74/2020
Cao et al	1	unknown	unknown	unknown	Vietnam/19-01S/2020
Nguyen et al	1	unknown	unknown	unknown	Vietnam/19-02S/2020
Karlsson et al	1	unknown	unknown	unknown	Cambodia/0012/2020
Silamikelis et al	7	unknown	unknown	unknown	Latvia/0002/2020,Latvia/0004/2020,Latvia/0007/2020,Latvia/0006/2020,Latvia/0009/2020,Latvia/0005/2020,Latvia/0008/2020
Milewska et al	1	unknown	unknown	unknown	Poland/PL_P1/2020
Dempsey et al	1	unknown	unknown	unknown	Ireland/Cork2/2020
FOI Bioinformatics team et al	1	unknown	unknown	unknown	Sweden/RV-FOI-1/2020
Zainab et al	1	unknown	unknown	unknown	Pakistan/Manga-KPK/2020
Marquez et al	1	unknown	unknown	unknown	Ecuador/HEE-01/2020
Thomson et al	2	unknown	unknown	unknown	Scotland/CVR02/2020,Scotland/CVR01/2020
Slavikova et al	4	unknown	unknown	unknown	Slovakia/SK-BMC6/2020,Slovakia/SK-BMC2/2020,Slovakia/SK-BMC5/2020,Slovakia/SK-BMC1/2020
Lambrechts et al	10	unknown	unknown	unknown	Belgium/UGent-17/2020,Belgium/UGent-11/2020,Belgium/UGent-15/2020,Belgium/UGent-1/2020,Belgium/UGent-18/2020,Belgium/UGent-6/2020,Belgium/UGent-2/2020,Belgium/UGent-22/2020,Belgium/UGent-25/2020,Belgium/UGent-24/2020
Corman et al	2	unknown	unknown	unknown	Germany/BavPat1/2020,Germany/Baden-Wuerttemberg-1/2020
Zehender et al	2	unknown	unknown	unknown	Italy/UniMI01/2020,Italy/UniMI03/2020
Castilletti et al	1	unknown	unknown	unknown	Italy/INMI8/2020
Rasmussen et al	8	unknown	unknown	unknown	Denmark/SSI-101/2020,Denmark/SSI-04/2020,Denmark/SSI-02/2020,Denmark/SSI-01/2020,Denmark/SSI-05/2020,Denmark/SSI-102/2020,Denmark/SSI-03/2020,Denmark/SSI-09/2020
Hirsch et al	21	unknown	unknown	unknown	Switzerland/42175075/2020,Switzerland/42176216/2020,Switzerland/42169171/2020,Switzerland/42202622/2020,Switzerland/42202619/2020,Switzerland/42175213/2020,Switzerland/42175220/2020,Switzerland/42169310/2020,Switzerland/42174724/2020,Switzerland/42169471/2020,Switzerland/42170345/2020,Switzerland/42202805/2020,Switzerland/42176753/2020,Switzerland/42177472/2020,Switzerland/42176560/2020,Switzerland/42177434/2020,Switzerland/42176771/2020,Switzerland/42178712/2020,Switzerland/42177430/2020,Switzerland/42177236/2020,Switzerland/42176229/2020
Belen Prado-Vivar et al	1	unknown	unknown	unknown	Ecuador/HGSQ-USFQ-018/2020
Maria Aguero-Rosenfeld et al	15	unknown	unknown	unknown	USA/NY-NYUMC150/2020,USA/NY-NYUMC126/2020,USA/NY-NYUMC159/2020,USA/NY-NYUMC123/2020,USA/NY-NYUMC124/2020,USA/NY-NYUMC134/2020,USA/NY-NYUMC137/2020,USA/NY-NYUMC154/2020,USA/NY-NYUMC152/2020,USA/NY-NYUMC125/2020,USA/NY-NYUMC131/2020,USA/NY-NYUMC135/2020,USA/NY-NYUMC127/2020,USA/NY-NYUMC146/2020,USA/NY-NYUMC147/2020
Munoz-Medina et al	1	unknown	unknown	unknown	Mexico/Chihuahua-IMSS_01/2020
Carlos Padilla Rojas et al	1	unknown	unknown	unknown	Peru/010/2020
Lorusso et al	16	unknown	unknown	unknown	Italy/TE4959/2020,Italy/TE5512/2020,Italy/TE5052/2020,Italy/TE5476/2020,Italy/TE5056/2020,Italy/TE4953/2020,Italy/TE4880/2020,Italy/TE5780/2020,Italy/6193/2020,Italy/TE6195/2020,Italy/TE6222/2020,Italy/TE6225/2020,Italy/TE4836/2020,Italy/TE5472/2020,Italy/TE4925/2020,Italy/TE5166/2020
Laubscher et al	15	unknown	unknown	unknown	Switzerland/TI2045/2020,Switzerland/GR2988/2020,Switzerland/GR3043/2020,Switzerland/VD0503/2020,Switzerland/GE1422/2020,Switzerland/GE1402/2020,Switzerland/AG7120/2020,Switzerland/SZ1417/2020,Switzerland/GE8102/2020,Switzerland/BE6651/2020,Switzerland/GE0199/2020,Switzerland/BS0914/2020,Switzerland/GE4984/2020,Switzerland/GE6679/2020,Switzerland/GE06207/2020
Oluniyi et al	1	unknown	unknown	unknown	Nigeria/Lagos01/2020
LAUBSCHER Florian et al. et al	8	unknown	unknown	unknown	Switzerland/VD5615/2020,Switzerland/GE3895/2020,Switzerland/GE9586/2020,Switzerland/BL0902/2020,Switzerland/AG0361/2020,Switzerland/TI9486/2020,Switzerland/GE3121/2020,Switzerland/GE5373/2020
Joan Marti-Carerras et al	8	unknown	unknown	unknown	Belgium/FR-03029/2020,Belgium/VI-03027/2020,Belgium/SQ-03043/2020,Belgium/MMJ-03034/2020,Belgium/VBK-03061/2020,Belgium/DHWM-03041/2020,Belgium/KA-03042/2020,Belgium/RT-03035/2020
Chamings et al	2	unknown	unknown	unknown	Australia/VIC-CBA3/2020,Australia/VIC-CBA1/2020
Pragya Yadav. Savita Patil et al	5	unknown	unknown	unknown	India/c32/2020,India/772/2020,India/781/2020,India/773/2020,India/777/2020
Andres et al	2	unknown	unknown	unknown	Spain/VH198152683/2020,Spain/VH000001133/2020
Shchetinin et al	1	unknown	unknown	unknown	Russia/Moscow_PMVL-1/2020
Urban et al	3	unknown	unknown	unknown	Hungary/49/2020,Hungary/2/2020,Hungary/mbl1/2020
Guiomar et al	2	unknown	unknown	unknown	Portugal/CV62/2020,Portugal/CV63/2020
Wawina et al	1	unknown	unknown	unknown	Belgium/JL-03044/2020
Division of Consolidated Laboratory Services et al	1	unknown	unknown	unknown	USA/VA-DCLS-0042/2020
Baumeister et al	3	unknown	unknown	unknown	Argentina/C121/2020,Argentina/C1374/2020,Argentina/C3013/2020
Arevalo et al	1	unknown	unknown	unknown	USA/CZB-RR057-007/2020
Milani et al	2	unknown	unknown	unknown	Italy/VR_20COV21-26/2020,Italy/VR_20COV21-37/2020
Ernesto et al	1	unknown	unknown	unknown	Mexico/CDMX-InDRE_01/2020
Cesare M. Gruber et al	1	unknown	unknown	unknown	Italy/INMI4/2020
Majer et al	2	unknown	unknown	unknown	Canada/MB_10/2020,Canada/NS_13/2020
Chanturia et al	2	unknown	unknown	unknown	Georgia/Tb-1679/2020,Georgia/Tb-712/2020
Fauver et al	1	unknown	unknown	unknown	USA/CT-Yale-016/2020
Carletti et al	1	unknown	unknown	unknown	Italy/INMI9/2020
R.A Diotti et al	1	unknown	unknown	unknown	Italy/UniSR1/2020
Komissarov et al	3	unknown	unknown	unknown	Russia/StPetersburg-3524/2020,Russia/StPetersburg-RII3997/2020,Russia/StPetersburg-RII3992/2020
Albarrag et al	2	unknown	unknown	unknown	SaudiArabia/SCDC-3324/2020,SaudiArabia/SCDC-3321/2020
Moreno et al	1	unknown	unknown	unknown	USA/WI-86/2020
Richmond et al	1	unknown	unknown	unknown	USA/WI-GMF-00986/2020
Nagy et al	2	unknown	unknown	unknown	CzechRepublic/2741/2020,CzechRepublic/951/2020
Tu et al	1	unknown	unknown	unknown	USA/OSUP0112/2020
Bailey et al	1	unknown	unknown	unknown	USA/NC_200173/2020
Craig Richmond & Paraic Kenny et al	1	unknown	unknown	unknown	USA/WI-GMF-00557/2020
Sikazwe et al	1	unknown	unknown	unknown	Australia/WA11/202
Antonino Di Caro et al	1	unknown	unknown	unknown	Italy/INMI7/2020
Li jian Xiong et al	1	unknown	unknown	unknown	NanChang/JX216/2020
Viedma et al	10	unknown	unknown	unknown	Spain/Madrid_H12_2208/2020,Spain/Madrid_H12_1502/2020,Spain/Madrid_H12_1703/2020,Spain/Madrid_H12_2107/2020,Spain/Madrid_H12_1804/2021,Spain/Madrid_H12_1905/2020,Spain/Madrid_H12_1301/2020,Spain/Madrid_H12_2006/2020,Spain/Madrid_H12_2309/2020,Spain/Madrid_H12_2410/2020
Fabiola Garces Ayala et al	1	unknown	unknown	unknown	Mexico/Puebla-InDRE_05/2020
Llucia Martinez-Priego et al	1	unknown	unknown	unknown	Spain/Valencia42/2020
Armengol et al	1	unknown	unknown	unknown	Spain/Irsi-04/2020
Franco et al	1	unknown	unknown	unknown	Panama/328677/2020
Lam et al	1	unknown	unknown	unknown	Australia/NSW47/2020
Messina et al	1	unknown	unknown	unknown	Italy/INMI5/2020
Seemann et al	1	unknown	unknown	unknown	Australia/VIC114/2020
Allam et al	1	unknown	unknown	unknown	SouthAfrica/R03006-20/2020
Zakotnik et al	1	unknown	unknown	unknown	Slovenia/12304/2020
Imai et al	2	unknown	unknown	unknown	Japan/SMU-0311S3/2020,Japan/SMU-0311S2/2020
Licastro et al	4	unknown	unknown	unknown	Italy/FVG-ICGEB_S5/2020,Italy/FVG-ICGEB_S1/2020,Italy/FVG-ICGEB_S8/2020,Italy/FVG-ICGEB_S9/2020
Curran et al	1	unknown	unknown	unknown	NorthernIreland/HSCNI01/2020
Rueca et al	1	unknown	unknown	unknown	Italy/INMI3/2020
Bagnarelli et al	1	unknown	unknown	unknown	Italy/UnivPM1/2020
Lalle et al	1	unknown	unknown	unknown	Italy/INMI10/2020
Bartolini et al	1	unknown	unknown	unknown	Italy/INMI6/2020
Kotorashvili et al	1	unknown	unknown	unknown	Georgia/Tb/2020
Laubscher  et al	2	unknown	unknown	unknown	Switzerland/GE4135/2020,Switzerland/BE2536/2020